"timestep","walk-area","date","rain","temp","Ep","Qt","qt","qo","qs","qv","Smean"
1,"GH","2013-01-01",0e+00,4.68e+00,3.53e-04,4.192e+04,1.8e-03,0e+00,1.8e-03,0e+00,2.665e-02
2,"GH","2013-01-02",2.76e-03,8.06e+00,4.38e-04,3.106e+04,1.333e-03,0e+00,1.333e-03,0e+00,2.799e-02
3,"GH","2013-01-03",1.27e-03,1.03e+01,5.06e-04,2.509e+04,1.077e-03,9.6e-06,1.068e-03,7.472e-04,2.831e-02
4,"GH","2013-01-04",4.13e-04,8.95e+00,4.69e-04,2.357e+04,1.012e-03,0e+00,1.012e-03,0e+00,2.932e-02
5,"GH","2013-01-05",0e+00,8.67e+00,4.64e-04,1.991e+04,8.551e-04,0e+00,8.551e-04,0e+00,3.018e-02
6,"GH","2013-01-06",5.4e-04,8.2e+00,4.54e-04,1.727e+04,7.415e-04,0e+00,7.415e-04,0e+00,3.092e-02
7,"GH","2013-01-07",2.89e-03,8.49e+00,4.66e-04,1.558e+04,6.689e-04,1.359e-05,6.553e-04,1.947e-03,2.963e-02
8,"GH","2013-01-08",4.55e-03,9.52e+00,5.01e-04,2.002e+04,8.595e-04,4.677e-05,8.128e-04,4.045e-03,2.639e-02
9,"GH","2013-01-09",0e+00,4.98e+00,3.81e-04,3.244e+04,1.393e-03,0e+00,1.393e-03,0e+00,2.779e-02
10,"GH","2013-01-10",0e+00,1.07e+00,3.02e-04,2.572e+04,1.104e-03,0e+00,1.104e-03,0e+00,2.889e-02
11,"GH","2013-01-11",1.77e-03,2.45e+00,3.32e-04,2.156e+04,9.259e-04,7.17e-06,9.187e-04,5.903e-04,2.922e-02
12,"GH","2013-01-12",1.16e-03,2.1e+00,3.28e-04,2.044e+04,8.777e-04,7.989e-06,8.698e-04,8.205e-04,2.927e-02
13,"GH","2013-01-13",1.97e-03,-3.62e-01,2.84e-04,2.051e+04,8.807e-04,1.801e-05,8.626e-04,1.625e-03,2.851e-02
14,"GH","2013-01-14",4.15e-03,2.52e+00,3.43e-04,2.389e+04,1.026e-03,4.635e-05,9.796e-04,3.822e-03,2.566e-02
15,"GH","2013-01-15",0e+00,6.57e-01,3.09e-04,3.664e+04,1.573e-03,0e+00,1.573e-03,0e+00,2.724e-02
16,"GH","2013-01-16",0e+00,-2.24e+00,2.61e-04,2.819e+04,1.21e-03,0e+00,1.21e-03,0e+00,2.845e-02
17,"GH","2013-01-17",2.91e-03,2.59e-01,3.08e-04,2.363e+04,1.015e-03,2.546e-05,9.892e-04,1.982e-03,2.745e-02
18,"GH","2013-01-18",1.18e-02,-9.09e-01,2.9e-04,3.516e+04,1.51e-03,3.426e-04,1.167e-03,1.111e-02,1.751e-02
19,"GH","2013-01-19",0e+00,-1.01e+00,2.91e-04,1.426e+05,6.124e-03,0e+00,6.124e-03,0e+00,2.363e-02
20,"GH","2013-01-20",1.63e-03,-5.92e-01,3.03e-04,5.195e+04,2.231e-03,2.383e-05,2.207e-03,1.025e-03,2.481e-02
21,"GH","2013-01-21",8.86e-04,-3.17e-01,3.11e-04,4.252e+04,1.826e-03,1.33e-05,1.812e-03,5.719e-04,2.605e-02
22,"GH","2013-01-22",0e+00,-1.18e+00,2.99e-04,3.432e+04,1.474e-03,0e+00,1.474e-03,0e+00,2.753e-02
23,"GH","2013-01-23",0e+00,-4.5e-01,3.17e-04,2.685e+04,1.153e-03,0e+00,1.153e-03,0e+00,2.868e-02
24,"GH","2013-01-24",0e+00,-1.38e+00,3.02e-04,2.216e+04,9.513e-04,0e+00,9.513e-04,0e+00,2.963e-02
25,"GH","2013-01-25",2.98e-02,-3.98e-01,3.26e-04,9.916e+04,4.258e-03,3.446e-03,8.118e-04,2.514e-02,5.307e-03
26,"GH","2013-01-26",2.48e-03,5.34e+00,4.71e-04,1.107e+06,4.753e-02,7.33e-04,4.679e-02,1.431e-03,5.067e-02
27,"GH","2013-01-27",5.11e-03,6.57e+00,5.15e-04,6.064e+02,2.604e-05,1.668e-06,2.437e-05,4.639e-03,4.605e-02
28,"GH","2013-01-28",6.69e-03,5.84e+00,4.98e-04,1.36e+03,5.839e-05,5.804e-06,5.258e-05,6.174e-03,3.993e-02
29,"GH","2013-01-29",1.15e-02,9.35e+00,6.27e-04,4.47e+03,1.919e-04,4.608e-05,1.459e-04,1.1e-02,2.907e-02
30,"GH","2013-01-30",5.29e-03,7.1e+00,5.53e-04,2.207e+04,9.474e-04,5.656e-05,8.909e-04,4.605e-03,2.536e-02
31,"GH","2013-01-31",4.92e-03,6.89e+00,5.53e-04,4.057e+04,1.742e-03,8.763e-05,1.654e-03,4.284e-03,2.273e-02
32,"GH","2013-02-01",5.79e-04,5.75e+00,5.22e-04,5.974e+04,2.565e-03,6.06e-07,2.564e-03,2.606e-05,2.527e-02
33,"GH","2013-02-02",0e+00,2.84e+00,4.42e-04,3.912e+04,1.68e-03,0e+00,1.68e-03,0e+00,2.695e-02
34,"GH","2013-02-03",3.78e-03,6.69e+00,5.69e-04,3.052e+04,1.31e-03,4.067e-05,1.27e-03,2.782e-03,2.544e-02
35,"GH","2013-02-04",2.54e-03,6.61e+00,5.74e-04,3.895e+04,1.673e-03,3.89e-05,1.634e-03,1.933e-03,2.514e-02
36,"GH","2013-02-05",5.39e-03,2.86e+00,4.61e-04,4.262e+04,1.83e-03,1.128e-04,1.717e-03,4.705e-03,2.215e-02
37,"GH","2013-02-06",1.58e-03,4.27e+00,5.1e-04,6.638e+04,2.85e-03,2.431e-05,2.826e-03,1.099e-03,2.388e-02
38,"GH","2013-02-07",2.79e-03,2.78e+00,4.71e-04,5.056e+04,2.171e-03,5.183e-05,2.119e-03,2.229e-03,2.377e-02
39,"GH","2013-02-08",2.24e-03,3.62e+00,5.03e-04,5.121e+04,2.199e-03,4.039e-05,2.158e-03,1.737e-03,2.419e-02
40,"GH","2013-02-09",8.15e-03,4.6e+00,5.42e-04,5.289e+04,2.271e-03,2.59e-04,2.012e-03,7.391e-03,1.881e-02
41,"GH","2013-02-10",1.64e-02,3.8e+00,5.23e-04,1.735e+05,7.448e-03,2.517e-03,4.931e-03,1.34e-02,1.034e-02
42,"GH","2013-02-11",8.28e-04,1.59e+00,4.63e-04,4.719e+05,2.026e-02,3.951e-05,2.022e-02,2.683e-04,3.03e-02
43,"GH","2013-02-12",0e+00,1.33e+00,4.62e-04,1.693e+04,7.269e-04,0e+00,7.269e-04,0e+00,3.102e-02
44,"GH","2013-02-13",1.33e-02,2.09e+00,4.9e-04,2.054e+04,8.82e-04,2.381e-04,6.439e-04,1.218e-02,1.949e-02
45,"GH","2013-02-14",8.86e-03,7.24e+00,6.84e-04,1.172e+05,5.033e-03,6.314e-04,4.401e-03,7.758e-03,1.613e-02
46,"GH","2013-02-15",4.34e-04,5.82e+00,6.35e-04,1.794e+05,7.701e-03,0e+00,7.701e-03,0e+00,2.383e-02
47,"GH","2013-02-16",0e+00,5.05e+00,6.14e-04,4.969e+04,2.134e-03,0e+00,2.134e-03,0e+00,2.597e-02
48,"GH","2013-02-17",0e+00,5.3e+00,6.32e-04,3.482e+04,1.495e-03,0e+00,1.495e-03,0e+00,2.746e-02
49,"GH","2013-02-18",0e+00,3.39e+00,5.69e-04,2.714e+04,1.165e-03,0e+00,1.165e-03,0e+00,2.863e-02
50,"GH","2013-02-19",0e+00,2.69e+00,5.53e-04,2.235e+04,9.597e-04,0e+00,9.597e-04,0e+00,2.959e-02
51,"GH","2013-02-20",0e+00,1.89e+00,5.33e-04,1.905e+04,8.178e-04,0e+00,8.178e-04,0e+00,3.041e-02
52,"GH","2013-02-21",0e+00,1.01e-01,4.84e-04,1.662e+04,7.136e-04,0e+00,7.136e-04,0e+00,3.112e-02
53,"GH","2013-02-22",0e+00,1.8e-01,4.93e-04,1.476e+04,6.336e-04,0e+00,6.336e-04,0e+00,3.175e-02
54,"GH","2013-02-23",5.04e-04,6.57e-01,5.15e-04,1.328e+04,5.701e-04,0e+00,5.701e-04,0e+00,3.232e-02
55,"GH","2013-02-24",5.7e-04,1.32e+00,5.43e-04,1.207e+04,5.184e-04,0e+00,5.184e-04,0e+00,3.284e-02
56,"GH","2013-02-25",2.11e-04,3.04e+00,6.13e-04,1.107e+04,4.755e-04,0e+00,4.755e-04,0e+00,3.332e-02
57,"GH","2013-02-26",0e+00,4.04e+00,6.61e-04,1.023e+04,4.393e-04,0e+00,4.393e-04,0e+00,3.376e-02
58,"GH","2013-02-27",0e+00,3.17e+00,6.35e-04,9.509e+03,4.083e-04,0e+00,4.083e-04,0e+00,3.416e-02
59,"GH","2013-02-28",0e+00,3.84e+00,6.7e-04,8.883e+03,3.814e-04,0e+00,3.814e-04,0e+00,3.455e-02
60,"GH","2013-03-01",0e+00,4.96e+00,7.28e-04,8.336e+03,3.579e-04,0e+00,3.579e-04,0e+00,3.49e-02
61,"GH","2013-03-02",0e+00,4.72e+00,7.27e-04,7.853e+03,3.372e-04,0e+00,3.372e-04,0e+00,3.524e-02
62,"GH","2013-03-03",0e+00,4.52e+00,7.28e-04,7.424e+03,3.188e-04,0e+00,3.188e-04,0e+00,3.556e-02
63,"GH","2013-03-04",0e+00,3.69e+00,7e-04,7.04e+03,3.023e-04,0e+00,3.023e-04,0e+00,3.586e-02
64,"GH","2013-03-05",0e+00,4.84e+00,7.62e-04,6.694e+03,2.874e-04,0e+00,2.874e-04,0e+00,3.615e-02
65,"GH","2013-03-06",5.72e-04,6.95e+00,8.8e-04,6.381e+03,2.74e-04,0e+00,2.74e-04,0e+00,3.642e-02
66,"GH","2013-03-07",6.65e-03,7.48e+00,9.21e-04,6.096e+03,2.617e-04,0e+00,2.617e-04,0e+00,3.669e-02
67,"GH","2013-03-08",5.07e-03,8.1e+00,9.7e-04,5.949e+03,2.554e-04,4.853e-06,2.506e-04,1.322e-03,3.561e-02
68,"GH","2013-03-09",1.37e-03,4.9e+00,8.05e-04,7.013e+03,3.011e-04,1.541e-06,2.996e-04,4.004e-04,3.551e-02
69,"GH","2013-03-10",2.44e-03,1.85e+00,6.75e-04,7.241e+03,3.109e-04,6.252e-06,3.046e-04,1.625e-03,3.419e-02
70,"GH","2013-03-11",1.71e-04,-7.42e-01,5.82e-04,8.841e+03,3.796e-04,0e+00,3.796e-04,0e+00,3.457e-02
71,"GH","2013-03-12",6.78e-04,9.17e-01,6.53e-04,8.299e+03,3.563e-04,0e+00,3.563e-04,0e+00,3.493e-02
72,"GH","2013-03-13",1.82e-04,2.55e+00,7.32e-04,7.821e+03,3.358e-04,0e+00,3.358e-04,0e+00,3.526e-02
73,"GH","2013-03-14",6.82e-04,2.68e+00,7.48e-04,7.395e+03,3.175e-04,0e+00,3.175e-04,0e+00,3.558e-02
74,"GH","2013-03-15",6.4e-03,5.5e+00,9.02e-04,7.549e+03,3.241e-04,2.296e-05,3.011e-04,4.743e-03,3.114e-02
75,"GH","2013-03-16",8.18e-03,5.13e+00,8.92e-04,1.662e+04,7.135e-04,8.205e-05,6.314e-04,7.198e-03,2.457e-02
76,"GH","2013-03-17",1.45e-03,3.09e+00,7.95e-04,4.423e+04,1.899e-03,1.263e-05,1.886e-03,5.431e-04,2.592e-02
77,"GH","2013-03-18",6.55e-04,2.8e+00,7.91e-04,3.512e+04,1.508e-03,0e+00,1.508e-03,0e+00,2.742e-02
78,"GH","2013-03-19",4.17e-03,3.41e+00,8.32e-04,2.836e+04,1.218e-03,4.478e-05,1.173e-03,3.202e-03,2.54e-02
79,"GH","2013-03-20",1.13e-03,3.37e+00,8.39e-04,3.84e+04,1.649e-03,3.745e-06,1.645e-03,2.915e-04,2.675e-02
80,"GH","2013-03-21",3.5e-03,3.03e+00,8.32e-04,3.149e+04,1.352e-03,3.934e-05,1.313e-03,2.623e-03,2.544e-02
81,"GH","2013-03-22",1.77e-02,2.21e+00,8e-04,6.493e+04,2.788e-03,1.155e-03,1.633e-03,1.572e-02,1.135e-02
82,"GH","2013-03-23",8.67e-03,1.1e+00,7.56e-04,4.391e+05,1.885e-02,1.761e-03,1.709e-02,6.116e-03,2.233e-02
83,"GH","2013-03-24",1.58e-04,1.39e-01,7.21e-04,6.389e+04,2.743e-03,0e+00,2.743e-03,0e+00,2.507e-02
84,"GH","2013-03-25",0e+00,5.65e-01,7.49e-04,4.045e+04,1.737e-03,0e+00,1.737e-03,0e+00,2.681e-02
85,"GH","2013-03-26",3.91e-04,2.46e-01,7.43e-04,3.028e+04,1.3e-03,0e+00,1.3e-03,0e+00,2.811e-02
86,"GH","2013-03-27",9.28e-04,6.59e-01,7.71e-04,2.438e+04,1.047e-03,0e+00,1.047e-03,0e+00,2.915e-02
87,"GH","2013-03-28",2.87e-04,7.37e-01,7.84e-04,2.048e+04,8.793e-04,0e+00,8.793e-04,0e+00,3.003e-02
88,"GH","2013-03-29",0e+00,5.39e-01,7.83e-04,1.769e+04,7.594e-04,0e+00,7.594e-04,0e+00,3.079e-02
89,"GH","2013-03-30",0e+00,9.96e-01,8.15e-04,1.558e+04,6.691e-04,0e+00,6.691e-04,0e+00,3.146e-02
90,"GH","2013-03-31",0e+00,5.11e-01,7.99e-04,1.394e+04,5.985e-04,0e+00,5.985e-04,0e+00,3.206e-02
91,"GH","2013-04-01",0e+00,1.24e+00,8.47e-04,1.262e+04,5.417e-04,0e+00,5.417e-04,0e+00,3.26e-02
92,"GH","2013-04-02",0e+00,1.84e+00,8.89e-04,1.153e+04,4.949e-04,0e+00,4.949e-04,0e+00,3.31e-02
93,"GH","2013-04-03",0e+00,2.63e+00,9.44e-04,1.061e+04,4.557e-04,0e+00,4.557e-04,0e+00,3.355e-02
94,"GH","2013-04-04",0e+00,3.05e+00,9.79e-04,9.838e+03,4.224e-04,0e+00,4.224e-04,0e+00,3.397e-02
95,"GH","2013-04-05",0e+00,3.94e+00,1.05e-03,9.169e+03,3.937e-04,0e+00,3.937e-04,0e+00,3.437e-02
96,"GH","2013-04-06",0e+00,4.21e+00,1.08e-03,8.587e+03,3.687e-04,0e+00,3.687e-04,0e+00,3.474e-02
97,"GH","2013-04-07",0e+00,4.79e+00,1.13e-03,8.075e+03,3.467e-04,0e+00,3.467e-04,0e+00,3.508e-02
98,"GH","2013-04-08",0e+00,4.85e+00,1.14e-03,7.622e+03,3.272e-04,0e+00,3.272e-04,0e+00,3.541e-02
99,"GH","2013-04-09",2.7e-04,5.32e+00,1.19e-03,7.217e+03,3.099e-04,0e+00,3.099e-04,0e+00,3.572e-02
100,"GH","2013-04-10",6.56e-04,6.13e+00,1.26e-03,6.854e+03,2.943e-04,0e+00,2.943e-04,0e+00,3.602e-02
101,"GH","2013-04-11",7.96e-03,7.06e+00,1.35e-03,6.526e+03,2.802e-04,0e+00,2.802e-04,0e+00,3.63e-02
102,"GH","2013-04-12",5.63e-03,7.86e+00,1.44e-03,6.243e+03,2.681e-04,6.448e-07,2.674e-04,1.676e-04,3.64e-02
103,"GH","2013-04-13",2.3e-03,8.61e+00,1.52e-03,6.203e+03,2.663e-04,3.324e-06,2.63e-04,8.638e-04,3.579e-02
104,"GH","2013-04-14",1.67e-03,1.25e+01,1.96e-03,6.784e+03,2.913e-04,5.788e-07,2.907e-04,1.504e-04,3.593e-02
105,"GH","2013-04-15",2.21e-04,1.22e+01,1.94e-03,6.614e+03,2.84e-04,0e+00,2.84e-04,0e+00,3.622e-02
106,"GH","2013-04-16",1.05e-03,1.12e+01,1.85e-03,6.308e+03,2.709e-04,0e+00,2.709e-04,0e+00,3.649e-02
107,"GH","2013-04-17",8.13e-04,1.12e+01,1.87e-03,6.03e+03,2.589e-04,0e+00,2.589e-04,0e+00,3.675e-02
108,"GH","2013-04-18",1.42e-03,9.5e+00,1.69e-03,5.775e+03,2.48e-04,0e+00,2.48e-04,0e+00,3.7e-02
109,"GH","2013-04-19",2.16e-04,8.3e+00,1.59e-03,5.541e+03,2.379e-04,0e+00,2.379e-04,0e+00,3.723e-02
110,"GH","2013-04-20",0e+00,8.8e+00,1.65e-03,5.326e+03,2.287e-04,0e+00,2.287e-04,0e+00,3.746e-02
111,"GH","2013-04-21",1.96e-03,7.59e+00,1.55e-03,5.127e+03,2.201e-04,0e+00,2.201e-04,0e+00,3.768e-02
112,"GH","2013-04-22",3.28e-04,9.09e+00,1.71e-03,4.942e+03,2.122e-04,0e+00,2.122e-04,0e+00,3.79e-02
113,"GH","2013-04-23",0e+00,1.14e+01,2e-03,4.77e+03,2.048e-04,0e+00,2.048e-04,0e+00,3.81e-02
114,"GH","2013-04-24",1.74e-03,1.15e+01,2.02e-03,4.61e+03,1.979e-04,0e+00,1.979e-04,0e+00,3.83e-02
115,"GH","2013-04-25",1.38e-03,1.03e+01,1.9e-03,4.461e+03,1.915e-04,0e+00,1.915e-04,0e+00,3.849e-02
116,"GH","2013-04-26",9.83e-04,6.9e+00,1.55e-03,4.32e+03,1.855e-04,0e+00,1.855e-04,0e+00,3.868e-02
117,"GH","2013-04-27",7.88e-04,6.65e+00,1.54e-03,4.189e+03,1.799e-04,0e+00,1.799e-04,0e+00,3.885e-02
118,"GH","2013-04-28",1.37e-03,7.63e+00,1.65e-03,4.065e+03,1.745e-04,0e+00,1.745e-04,0e+00,3.903e-02
119,"GH","2013-04-29",2.91e-04,8.14e+00,1.72e-03,3.949e+03,1.695e-04,0e+00,1.695e-04,0e+00,3.92e-02
120,"GH","2013-04-30",0e+00,8.99e+00,1.83e-03,3.839e+03,1.648e-04,0e+00,1.648e-04,0e+00,3.936e-02
121,"GH","2013-05-01",0e+00,9.1e+00,1.86e-03,3.735e+03,1.604e-04,0e+00,1.604e-04,0e+00,3.952e-02
122,"GH","2013-05-02",0e+00,1.04e+01,2.03e-03,3.636e+03,1.561e-04,0e+00,1.561e-04,0e+00,3.968e-02
123,"GH","2013-05-03",3.16e-04,1.06e+01,2.08e-03,3.543e+03,1.521e-04,0e+00,1.521e-04,0e+00,3.983e-02
124,"GH","2013-05-04",2.54e-03,1.1e+01,2.15e-03,3.454e+03,1.483e-04,0e+00,1.483e-04,0e+00,3.998e-02
125,"GH","2013-05-05",2.19e-04,1.2e+01,2.3e-03,3.37e+03,1.447e-04,0e+00,1.447e-04,0e+00,4.013e-02
126,"GH","2013-05-06",0e+00,1.23e+01,2.37e-03,3.289e+03,1.412e-04,0e+00,1.412e-04,0e+00,4.027e-02
127,"GH","2013-05-07",0e+00,1.56e+01,2.92e-03,3.213e+03,1.38e-04,0e+00,1.38e-04,0e+00,4.04e-02
128,"GH","2013-05-08",2.48e-03,1.3e+01,2.51e-03,3.14e+03,1.348e-04,0e+00,1.348e-04,0e+00,4.054e-02
129,"GH","2013-05-09",5.41e-03,9.57e+00,2.04e-03,3.07e+03,1.318e-04,0e+00,1.318e-04,0e+00,4.067e-02
130,"GH","2013-05-10",2.05e-03,1.07e+01,2.2e-03,3.003e+03,1.29e-04,0e+00,1.29e-04,0e+00,4.08e-02
131,"GH","2013-05-11",3.17e-03,8.36e+00,1.92e-03,2.94e+03,1.262e-04,0e+00,1.262e-04,0e+00,4.093e-02
132,"GH","2013-05-12",7.12e-03,9.25e+00,2.05e-03,2.878e+03,1.236e-04,0e+00,1.236e-04,0e+00,4.105e-02
133,"GH","2013-05-13",1.57e-03,8.08e+00,1.92e-03,2.82e+03,1.211e-04,0e+00,1.211e-04,0e+00,4.117e-02
134,"GH","2013-05-14",7.48e-03,7.95e+00,1.92e-03,2.775e+03,1.192e-04,5.115e-07,1.186e-04,4.587e-04,4.083e-02
135,"GH","2013-05-15",6.56e-03,8.35e+00,1.98e-03,3.135e+03,1.346e-04,9.046e-06,1.256e-04,4.631e-03,3.633e-02
136,"GH","2013-05-16",3.22e-03,8.56e+00,2.02e-03,6.308e+03,2.708e-04,4.775e-06,2.661e-04,1.241e-03,3.535e-02
137,"GH","2013-05-17",1.46e-04,1e+01,2.22e-03,7.29e+03,3.13e-04,0e+00,3.13e-04,0e+00,3.566e-02
138,"GH","2013-05-18",1.35e-04,1.1e+01,2.38e-03,6.919e+03,2.971e-04,0e+00,2.971e-04,0e+00,3.596e-02
139,"GH","2013-05-19",0e+00,1.23e+01,2.59e-03,6.585e+03,2.827e-04,0e+00,2.827e-04,0e+00,3.624e-02
140,"GH","2013-05-20",1.22e-04,1.36e+01,2.83e-03,6.282e+03,2.697e-04,0e+00,2.697e-04,0e+00,3.651e-02
141,"GH","2013-05-21",1.55e-03,1.3e+01,2.74e-03,6.006e+03,2.579e-04,0e+00,2.579e-04,0e+00,3.677e-02
142,"GH","2013-05-22",2.17e-04,1.08e+01,2.41e-03,5.753e+03,2.47e-04,0e+00,2.47e-04,0e+00,3.702e-02
143,"GH","2013-05-23",3.05e-03,7.32e+00,1.95e-03,5.521e+03,2.371e-04,0e+00,2.371e-04,0e+00,3.726e-02
144,"GH","2013-05-24",1.83e-03,8.67e+00,2.13e-03,5.307e+03,2.279e-04,0e+00,2.279e-04,0e+00,3.748e-02
145,"GH","2013-05-25",0e+00,1.03e+01,2.37e-03,5.109e+03,2.194e-04,0e+00,2.194e-04,0e+00,3.77e-02
146,"GH","2013-05-26",0e+00,1.14e+01,2.56e-03,4.926e+03,2.115e-04,0e+00,2.115e-04,0e+00,3.791e-02
147,"GH","2013-05-27",5.1e-03,9.67e+00,2.31e-03,4.755e+03,2.042e-04,0e+00,2.042e-04,0e+00,3.812e-02
148,"GH","2013-05-28",1.38e-02,9.63e+00,2.31e-03,4.779e+03,2.052e-04,7.848e-06,1.974e-04,2.834e-03,3.548e-02
149,"GH","2013-05-29",2.91e-03,1.29e+01,2.83e-03,7.186e+03,3.085e-04,2.315e-06,3.062e-04,6.018e-04,3.519e-02
150,"GH","2013-05-30",8.53e-04,1.4e+01,3.06e-03,7.492e+03,3.217e-04,0e+00,3.217e-04,0e+00,3.551e-02
151,"GH","2013-05-31",0e+00,1.38e+01,3.03e-03,7.101e+03,3.049e-04,0e+00,3.049e-04,0e+00,3.581e-02
152,"GH","2013-06-01",0e+00,1.15e+01,2.65e-03,6.749e+03,2.898e-04,0e+00,2.898e-04,0e+00,3.61e-02
153,"GH","2013-06-02",0e+00,1.18e+01,2.7e-03,6.431e+03,2.761e-04,0e+00,2.761e-04,0e+00,3.638e-02
154,"GH","2013-06-03",0e+00,1.43e+01,3.17e-03,6.142e+03,2.637e-04,0e+00,2.637e-04,0e+00,3.664e-02
155,"GH","2013-06-04",0e+00,1.47e+01,3.26e-03,5.878e+03,2.524e-04,0e+00,2.524e-04,0e+00,3.69e-02
156,"GH","2013-06-05",0e+00,1.43e+01,3.19e-03,5.636e+03,2.42e-04,0e+00,2.42e-04,0e+00,3.714e-02
157,"GH","2013-06-06",0e+00,1.49e+01,3.31e-03,5.413e+03,2.324e-04,0e+00,2.324e-04,0e+00,3.737e-02
158,"GH","2013-06-07",0e+00,1.55e+01,3.46e-03,5.207e+03,2.236e-04,0e+00,2.236e-04,0e+00,3.759e-02
159,"GH","2013-06-08",0e+00,1.47e+01,3.3e-03,5.017e+03,2.154e-04,0e+00,2.154e-04,0e+00,3.781e-02
160,"GH","2013-06-09",0e+00,1.44e+01,3.25e-03,4.84e+03,2.078e-04,0e+00,2.078e-04,0e+00,3.802e-02
161,"GH","2013-06-10",0e+00,1.44e+01,3.25e-03,4.675e+03,2.007e-04,0e+00,2.007e-04,0e+00,3.822e-02
162,"GH","2013-06-11",8.85e-04,1.42e+01,3.22e-03,4.521e+03,1.941e-04,0e+00,1.941e-04,0e+00,3.841e-02
163,"GH","2013-06-12",2.81e-03,1.51e+01,3.41e-03,4.377e+03,1.879e-04,0e+00,1.879e-04,0e+00,3.86e-02
164,"GH","2013-06-13",3.67e-03,1.31e+01,3.01e-03,4.242e+03,1.822e-04,0e+00,1.822e-04,0e+00,3.878e-02
165,"GH","2013-06-14",3.71e-03,1.3e+01,3.01e-03,4.115e+03,1.767e-04,0e+00,1.767e-04,0e+00,3.896e-02
166,"GH","2013-06-15",4.06e-03,1.22e+01,2.85e-03,3.996e+03,1.716e-04,0e+00,1.716e-04,0e+00,3.913e-02
167,"GH","2013-06-16",2.49e-03,1.37e+01,3.14e-03,3.883e+03,1.667e-04,0e+00,1.667e-04,0e+00,3.93e-02
168,"GH","2013-06-17",1.02e-04,1.56e+01,3.54e-03,3.777e+03,1.622e-04,0e+00,1.622e-04,0e+00,3.946e-02
169,"GH","2013-06-18",2.02e-04,1.64e+01,3.72e-03,3.676e+03,1.578e-04,0e+00,1.578e-04,0e+00,3.962e-02
170,"GH","2013-06-19",0e+00,1.66e+01,3.76e-03,3.581e+03,1.537e-04,0e+00,1.537e-04,0e+00,3.977e-02
171,"GH","2013-06-20",5.7e-03,1.57e+01,3.56e-03,3.49e+03,1.499e-04,0e+00,1.499e-04,0e+00,3.992e-02
172,"GH","2013-06-21",1.52e-03,1.61e+01,3.65e-03,3.404e+03,1.462e-04,0e+00,1.462e-04,0e+00,4.007e-02
173,"GH","2013-06-22",2.18e-03,1.37e+01,3.15e-03,3.322e+03,1.426e-04,0e+00,1.426e-04,0e+00,4.021e-02
174,"GH","2013-06-23",2.58e-03,1.26e+01,2.93e-03,3.244e+03,1.393e-04,0e+00,1.393e-04,0e+00,4.035e-02
175,"GH","2013-06-24",1.5e-04,1.24e+01,2.9e-03,3.17e+03,1.361e-04,0e+00,1.361e-04,0e+00,4.048e-02
176,"GH","2013-06-25",1.97e-04,1.37e+01,3.14e-03,3.099e+03,1.33e-04,0e+00,1.33e-04,0e+00,4.062e-02
177,"GH","2013-06-26",1.26e-04,1.4e+01,3.2e-03,3.031e+03,1.301e-04,0e+00,1.301e-04,0e+00,4.075e-02
178,"GH","2013-06-27",6.63e-03,1.3e+01,2.99e-03,2.966e+03,1.273e-04,0e+00,1.273e-04,0e+00,4.087e-02
179,"GH","2013-06-28",1.85e-03,1.5e+01,3.38e-03,2.903e+03,1.247e-04,0e+00,1.247e-04,0e+00,4.1e-02
180,"GH","2013-06-29",0e+00,1.48e+01,3.35e-03,2.844e+03,1.221e-04,0e+00,1.221e-04,0e+00,4.112e-02
181,"GH","2013-06-30",1.49e-04,1.6e+01,3.59e-03,2.786e+03,1.196e-04,0e+00,1.196e-04,0e+00,4.124e-02
182,"GH","2013-07-01",6.43e-04,1.32e+01,3.01e-03,2.731e+03,1.173e-04,0e+00,1.173e-04,0e+00,4.136e-02
183,"GH","2013-07-02",5.37e-03,1.31e+01,2.99e-03,2.678e+03,1.15e-04,0e+00,1.15e-04,0e+00,4.147e-02
184,"GH","2013-07-03",7.64e-04,1.49e+01,3.32e-03,2.628e+03,1.128e-04,0e+00,1.128e-04,0e+00,4.159e-02
185,"GH","2013-07-04",8.02e-04,1.59e+01,3.53e-03,2.579e+03,1.107e-04,0e+00,1.107e-04,0e+00,4.17e-02
186,"GH","2013-07-05",0e+00,1.68e+01,3.72e-03,2.532e+03,1.087e-04,0e+00,1.087e-04,0e+00,4.181e-02
187,"GH","2013-07-06",0e+00,1.79e+01,3.97e-03,2.486e+03,1.067e-04,0e+00,1.067e-04,0e+00,4.191e-02
188,"GH","2013-07-07",0e+00,1.86e+01,4.13e-03,2.442e+03,1.049e-04,0e+00,1.049e-04,0e+00,4.202e-02
189,"GH","2013-07-08",0e+00,2.03e+01,4.59e-03,2.4e+03,1.03e-04,0e+00,1.03e-04,0e+00,4.212e-02
190,"GH","2013-07-09",0e+00,1.95e+01,4.35e-03,2.359e+03,1.013e-04,0e+00,1.013e-04,0e+00,4.222e-02
191,"GH","2013-07-10",0e+00,2e+01,4.47e-03,2.32e+03,9.96e-05,0e+00,9.96e-05,0e+00,4.232e-02
192,"GH","2013-07-11",0e+00,1.74e+01,3.78e-03,2.281e+03,9.796e-05,0e+00,9.796e-05,0e+00,4.242e-02
193,"GH","2013-07-12",0e+00,1.93e+01,4.24e-03,2.244e+03,9.637e-05,0e+00,9.637e-05,0e+00,4.252e-02
194,"GH","2013-07-13",0e+00,2.03e+01,4.49e-03,2.209e+03,9.483e-05,0e+00,9.483e-05,0e+00,4.261e-02
195,"GH","2013-07-14",0e+00,1.84e+01,3.98e-03,2.174e+03,9.335e-05,0e+00,9.335e-05,0e+00,4.27e-02
196,"GH","2013-07-15",0e+00,1.82e+01,3.9e-03,2.14e+03,9.191e-05,0e+00,9.191e-05,0e+00,4.28e-02
197,"GH","2013-07-16",0e+00,1.83e+01,3.9e-03,2.108e+03,9.051e-05,0e+00,9.051e-05,0e+00,4.289e-02
198,"GH","2013-07-17",0e+00,1.95e+01,4.17e-03,2.076e+03,8.915e-05,0e+00,8.915e-05,0e+00,4.298e-02
199,"GH","2013-07-18",0e+00,2.1e+01,4.58e-03,2.046e+03,8.784e-05,0e+00,8.784e-05,0e+00,4.306e-02
200,"GH","2013-07-19",0e+00,2.23e+01,4.91e-03,2.016e+03,8.656e-05,0e+00,8.656e-05,0e+00,4.315e-02
201,"GH","2013-07-20",0e+00,2e+01,4.26e-03,1.987e+03,8.532e-05,0e+00,8.532e-05,0e+00,4.323e-02
202,"GH","2013-07-21",0e+00,1.86e+01,3.88e-03,1.959e+03,8.412e-05,0e+00,8.412e-05,0e+00,4.332e-02
203,"GH","2013-07-22",3.87e-03,2.14e+01,4.59e-03,1.932e+03,8.295e-05,0e+00,8.295e-05,0e+00,4.34e-02
204,"GH","2013-07-23",6.14e-03,1.98e+01,4.13e-03,1.905e+03,8.181e-05,0e+00,8.181e-05,0e+00,4.348e-02
205,"GH","2013-07-24",9.75e-04,1.87e+01,3.81e-03,1.88e+03,8.07e-05,0e+00,8.07e-05,0e+00,4.356e-02
206,"GH","2013-07-25",6.57e-03,1.81e+01,3.66e-03,1.854e+03,7.962e-05,0e+00,7.962e-05,0e+00,4.364e-02
207,"GH","2013-07-26",0e+00,1.8e+01,3.61e-03,1.83e+03,7.857e-05,0e+00,7.857e-05,0e+00,4.372e-02
208,"GH","2013-07-27",1.29e-02,1.8e+01,3.59e-03,1.806e+03,7.755e-05,0e+00,7.755e-05,0e+00,4.38e-02
209,"GH","2013-07-28",2.19e-02,1.66e+01,3.26e-03,1.988e+03,8.538e-05,8.823e-06,7.655e-05,5.992e-03,3.788e-02
210,"GH","2013-07-29",5.65e-03,1.61e+01,3.14e-03,4.932e+03,2.118e-04,6.581e-06,2.052e-04,2.384e-03,3.571e-02
211,"GH","2013-07-30",1.49e-03,1.61e+01,3.12e-03,6.872e+03,2.951e-04,0e+00,2.951e-04,0e+00,3.6e-02
212,"GH","2013-07-31",4.86e-03,1.64e+01,3.16e-03,6.561e+03,2.817e-04,8.236e-07,2.809e-04,2.141e-04,3.607e-02
213,"GH","2013-08-01",0e+00,2.16e+01,4.31e-03,6.47e+03,2.778e-04,0e+00,2.778e-04,0e+00,3.634e-02
214,"GH","2013-08-02",5.42e-04,1.92e+01,3.7e-03,6.177e+03,2.652e-04,0e+00,2.652e-04,0e+00,3.661e-02
215,"GH","2013-08-03",1.28e-03,1.71e+01,3.23e-03,5.91e+03,2.537e-04,0e+00,2.537e-04,0e+00,3.686e-02
216,"GH","2013-08-04",7.26e-03,1.63e+01,3.04e-03,5.665e+03,2.432e-04,0e+00,2.432e-04,0e+00,3.711e-02
217,"GH","2013-08-05",3.4e-02,1.64e+01,3.03e-03,2.981e+04,1.28e-03,1.047e-03,2.336e-04,2.647e-02,1.087e-02
218,"GH","2013-08-06",0e+00,1.58e+01,2.9e-03,4.314e+05,1.852e-02,0e+00,1.852e-02,0e+00,2.939e-02
219,"GH","2013-08-07",4.73e-04,1.62e+01,2.95e-03,1.968e+04,8.451e-04,0e+00,8.451e-04,0e+00,3.024e-02
220,"GH","2013-08-08",2.71e-03,1.69e+01,3.05e-03,1.71e+04,7.34e-04,0e+00,7.34e-04,0e+00,3.097e-02
221,"GH","2013-08-09",2.3e-03,1.61e+01,2.89e-03,1.513e+04,6.495e-04,0e+00,6.495e-04,0e+00,3.162e-02
222,"GH","2013-08-10",9.93e-04,1.57e+01,2.79e-03,1.358e+04,5.829e-04,0e+00,5.829e-04,0e+00,3.22e-02
223,"GH","2013-08-11",1.1e-03,1.55e+01,2.73e-03,1.232e+04,5.289e-04,0e+00,5.289e-04,0e+00,3.273e-02
224,"GH","2013-08-12",1.15e-03,1.44e+01,2.52e-03,1.128e+04,4.843e-04,0e+00,4.843e-04,0e+00,3.322e-02
225,"GH","2013-08-13",1.71e-03,1.43e+01,2.49e-03,1.04e+04,4.467e-04,0e+00,4.467e-04,0e+00,3.366e-02
226,"GH","2013-08-14",1.33e-03,1.62e+01,2.77e-03,9.658e+03,4.147e-04,0e+00,4.147e-04,0e+00,3.408e-02
227,"GH","2013-08-15",8.52e-03,1.82e+01,3.12e-03,9.013e+03,3.87e-04,0e+00,3.87e-04,0e+00,3.446e-02
228,"GH","2013-08-16",2.78e-03,1.74e+01,2.93e-03,8.45e+03,3.628e-04,0e+00,3.628e-04,0e+00,3.483e-02
229,"GH","2013-08-17",8.5e-03,1.61e+01,2.68e-03,8.144e+03,3.497e-04,8.132e-06,3.415e-04,2.114e-03,3.306e-02
230,"GH","2013-08-18",5.07e-04,1.57e+01,2.59e-03,1.069e+04,4.589e-04,0e+00,4.589e-04,0e+00,3.351e-02
231,"GH","2013-08-19",0e+00,1.56e+01,2.55e-03,9.9e+03,4.251e-04,0e+00,4.251e-04,0e+00,3.394e-02
232,"GH","2013-08-20",0e+00,1.69e+01,2.74e-03,9.223e+03,3.96e-04,0e+00,3.96e-04,0e+00,3.434e-02
233,"GH","2013-08-21",1.43e-03,1.75e+01,2.81e-03,8.634e+03,3.707e-04,0e+00,3.707e-04,0e+00,3.471e-02
234,"GH","2013-08-22",0e+00,1.9e+01,3.06e-03,8.117e+03,3.485e-04,0e+00,3.485e-04,0e+00,3.505e-02
235,"GH","2013-08-23",3.03e-03,1.96e+01,3.15e-03,7.659e+03,3.288e-04,0e+00,3.288e-04,0e+00,3.538e-02
236,"GH","2013-08-24",8.47e-04,1.58e+01,2.45e-03,7.25e+03,3.113e-04,0e+00,3.113e-04,0e+00,3.569e-02
237,"GH","2013-08-25",7.93e-04,1.69e+01,2.61e-03,6.884e+03,2.956e-04,0e+00,2.956e-04,0e+00,3.599e-02
238,"GH","2013-08-26",0e+00,1.81e+01,2.78e-03,6.553e+03,2.814e-04,0e+00,2.814e-04,0e+00,3.627e-02
239,"GH","2013-08-27",4.27e-04,1.68e+01,2.55e-03,6.253e+03,2.685e-04,0e+00,2.685e-04,0e+00,3.654e-02
240,"GH","2013-08-28",1.74e-04,1.61e+01,2.41e-03,5.979e+03,2.567e-04,0e+00,2.567e-04,0e+00,3.68e-02
241,"GH","2013-08-29",5.21e-04,1.66e+01,2.46e-03,5.729e+03,2.46e-04,0e+00,2.46e-04,0e+00,3.704e-02
242,"GH","2013-08-30",1.6e-04,1.76e+01,2.58e-03,5.498e+03,2.361e-04,0e+00,2.361e-04,0e+00,3.728e-02
243,"GH","2013-08-31",0e+00,1.38e+01,2.02e-03,5.286e+03,2.27e-04,0e+00,2.27e-04,0e+00,3.751e-02
244,"GH","2013-09-01",0e+00,1.41e+01,2.04e-03,5.09e+03,2.186e-04,0e+00,2.186e-04,0e+00,3.772e-02
245,"GH","2013-09-02",0e+00,1.63e+01,2.31e-03,4.908e+03,2.107e-04,0e+00,2.107e-04,0e+00,3.794e-02
246,"GH","2013-09-03",0e+00,1.78e+01,2.51e-03,4.739e+03,2.035e-04,0e+00,2.035e-04,0e+00,3.814e-02
247,"GH","2013-09-04",0e+00,1.78e+01,2.49e-03,4.581e+03,1.967e-04,0e+00,1.967e-04,0e+00,3.834e-02
248,"GH","2013-09-05",0e+00,1.55e+01,2.13e-03,4.433e+03,1.903e-04,0e+00,1.903e-04,0e+00,3.853e-02
249,"GH","2013-09-06",7.66e-03,1.26e+01,1.77e-03,4.295e+03,1.844e-04,0e+00,1.844e-04,0e+00,3.871e-02
250,"GH","2013-09-07",4.54e-03,1.16e+01,1.64e-03,4.165e+03,1.788e-04,0e+00,1.788e-04,0e+00,3.889e-02
251,"GH","2013-09-08",3.18e-03,1.1e+01,1.56e-03,4.042e+03,1.736e-04,0e+00,1.736e-04,0e+00,3.906e-02
252,"GH","2013-09-09",1.4e-04,1.21e+01,1.65e-03,3.927e+03,1.686e-04,0e+00,1.686e-04,0e+00,3.923e-02
253,"GH","2013-09-10",0e+00,1.31e+01,1.73e-03,3.818e+03,1.639e-04,0e+00,1.639e-04,0e+00,3.94e-02
254,"GH","2013-09-11",6.74e-03,1.29e+01,1.69e-03,3.715e+03,1.595e-04,0e+00,1.595e-04,0e+00,3.955e-02
255,"GH","2013-09-12",2.65e-03,1.6e+01,2.03e-03,3.618e+03,1.553e-04,0e+00,1.553e-04,0e+00,3.971e-02
256,"GH","2013-09-13",3.36e-04,1.29e+01,1.66e-03,3.525e+03,1.514e-04,0e+00,1.514e-04,0e+00,3.986e-02
257,"GH","2013-09-14",2.73e-04,1.14e+01,1.49e-03,3.438e+03,1.476e-04,0e+00,1.476e-04,0e+00,4.001e-02
258,"GH","2013-09-15",3.69e-03,1.14e+01,1.48e-03,3.354e+03,1.44e-04,0e+00,1.44e-04,0e+00,4.015e-02
259,"GH","2013-09-16",4.18e-03,9.76e+00,1.32e-03,3.274e+03,1.406e-04,0e+00,1.406e-04,0e+00,4.029e-02
260,"GH","2013-09-17",3.68e-03,1e+01,1.32e-03,3.199e+03,1.373e-04,0e+00,1.373e-04,0e+00,4.043e-02
261,"GH","2013-09-18",4.54e-04,1.07e+01,1.36e-03,3.126e+03,1.342e-04,0e+00,1.342e-04,0e+00,4.057e-02
262,"GH","2013-09-19",3.71e-03,1.25e+01,1.5e-03,3.057e+03,1.313e-04,0e+00,1.313e-04,0e+00,4.07e-02
263,"GH","2013-09-20",0e+00,1.25e+01,1.49e-03,2.991e+03,1.284e-04,0e+00,1.284e-04,0e+00,4.082e-02
264,"GH","2013-09-21",0e+00,1.48e+01,1.69e-03,2.928e+03,1.257e-04,0e+00,1.257e-04,0e+00,4.095e-02
265,"GH","2013-09-22",0e+00,1.65e+01,1.87e-03,2.867e+03,1.231e-04,0e+00,1.231e-04,0e+00,4.107e-02
266,"GH","2013-09-23",0e+00,1.65e+01,1.84e-03,2.809e+03,1.206e-04,0e+00,1.206e-04,0e+00,4.119e-02
267,"GH","2013-09-24",3.34e-04,1.6e+01,1.76e-03,2.753e+03,1.182e-04,0e+00,1.182e-04,0e+00,4.131e-02
268,"GH","2013-09-25",5.89e-04,1.61e+01,1.75e-03,2.699e+03,1.159e-04,0e+00,1.159e-04,0e+00,4.143e-02
269,"GH","2013-09-26",8.4e-04,1.42e+01,1.53e-03,2.647e+03,1.137e-04,0e+00,1.137e-04,0e+00,4.154e-02
270,"GH","2013-09-27",0e+00,1.43e+01,1.53e-03,2.598e+03,1.115e-04,0e+00,1.115e-04,0e+00,4.165e-02
271,"GH","2013-09-28",0e+00,1.4e+01,1.48e-03,2.55e+03,1.095e-04,0e+00,1.095e-04,0e+00,4.176e-02
272,"GH","2013-09-29",0e+00,1.38e+01,1.44e-03,2.504e+03,1.075e-04,0e+00,1.075e-04,0e+00,4.187e-02
273,"GH","2013-09-30",0e+00,1.43e+01,1.47e-03,2.459e+03,1.056e-04,0e+00,1.056e-04,0e+00,4.198e-02
274,"GH","2013-10-01",3.37e-04,1.42e+01,1.44e-03,2.416e+03,1.038e-04,0e+00,1.038e-04,0e+00,4.208e-02
275,"GH","2013-10-02",1.17e-02,1.58e+01,1.57e-03,2.375e+03,1.02e-04,0e+00,1.02e-04,0e+00,4.218e-02
276,"GH","2013-10-03",5.15e-03,1.66e+01,1.63e-03,2.342e+03,1.005e-04,2.851e-07,1.003e-04,2.557e-04,4.203e-02
277,"GH","2013-10-04",3.99e-03,1.57e+01,1.52e-03,2.47e+03,1.06e-04,3.157e-06,1.029e-04,2.359e-03,3.977e-02
278,"GH","2013-10-05",1.52e-04,1.39e+01,1.35e-03,3.49e+03,1.499e-04,0e+00,1.499e-04,0e+00,3.992e-02
279,"GH","2013-10-06",0e+00,1.45e+01,1.37e-03,3.404e+03,1.462e-04,0e+00,1.462e-04,0e+00,4.007e-02
280,"GH","2013-10-07",0e+00,1.61e+01,1.5e-03,3.322e+03,1.426e-04,0e+00,1.426e-04,0e+00,4.021e-02
281,"GH","2013-10-08",1.19e-03,1.52e+01,1.4e-03,3.244e+03,1.393e-04,0e+00,1.393e-04,0e+00,4.035e-02
282,"GH","2013-10-09",7e-04,1.13e+01,1.09e-03,3.17e+03,1.361e-04,0e+00,1.361e-04,0e+00,4.048e-02
283,"GH","2013-10-10",0e+00,8.79e+00,9.15e-04,3.099e+03,1.33e-04,0e+00,1.33e-04,0e+00,4.062e-02
284,"GH","2013-10-11",1.9e-04,1.08e+01,1.02e-03,3.031e+03,1.301e-04,0e+00,1.301e-04,0e+00,4.075e-02
285,"GH","2013-10-12",2e-03,1.15e+01,1.06e-03,2.966e+03,1.273e-04,0e+00,1.273e-04,0e+00,4.087e-02
286,"GH","2013-10-13",3.88e-03,1.08e+01,9.93e-04,2.903e+03,1.247e-04,0e+00,1.247e-04,0e+00,4.1e-02
287,"GH","2013-10-14",5.2e-03,9.98e+00,9.33e-04,2.931e+03,1.259e-04,3.756e-06,1.221e-04,2.098e-03,3.902e-02
288,"GH","2013-10-15",1.64e-04,1.09e+01,9.73e-04,3.953e+03,1.697e-04,0e+00,1.697e-04,0e+00,3.919e-02
289,"GH","2013-10-16",1.17e-02,1.01e+01,9.14e-04,4.834e+03,2.076e-04,4.258e-05,1.65e-04,9.962e-03,2.94e-02
290,"GH","2013-10-17",7.77e-04,1.26e+01,1.06e-03,1.967e+04,8.445e-04,0e+00,8.445e-04,0e+00,3.024e-02
291,"GH","2013-10-18",1.15e-02,1.2e+01,1e-03,2.12e+04,9.104e-04,1.768e-04,7.336e-04,1.009e-02,2.089e-02
292,"GH","2013-10-19",3.55e-03,1.4e+01,1.12e-03,8.369e+04,3.593e-03,1.053e-04,3.488e-03,2.449e-03,2.192e-02
293,"GH","2013-10-20",5.84e-03,1.28e+01,1.02e-03,7.247e+04,3.111e-03,1.782e-04,2.933e-03,4.564e-03,2.029e-02
294,"GH","2013-10-21",1.46e-02,1.37e+01,1.07e-03,1.234e+05,5.3e-03,1.451e-03,3.849e-03,1.217e-02,1.198e-02
295,"GH","2013-10-22",2.07e-02,1.5e+01,1.14e-03,5.482e+05,2.354e-02,8.138e-03,1.54e-02,1.149e-02,1.589e-02
296,"GH","2013-10-23",2.75e-03,1.2e+01,9.36e-04,1.896e+05,8.141e-03,1.215e-04,8.02e-03,1.501e-03,2.241e-02
297,"GH","2013-10-24",1.37e-03,1.14e+01,8.85e-04,6.325e+04,2.716e-03,1e-05,2.706e-03,4.301e-04,2.469e-02
298,"GH","2013-10-25",8.74e-03,1.38e+01,1.01e-03,4.89e+04,2.099e-03,2.478e-04,1.852e-03,7.614e-03,1.892e-02
299,"GH","2013-10-26",4.55e-03,1.32e+01,9.65e-04,1.174e+05,5.039e-03,2.01e-04,4.838e-03,3.347e-03,2.041e-02
300,"GH","2013-10-27",4.83e-03,1.15e+01,8.56e-04,9.183e+04,3.943e-03,1.695e-04,3.774e-03,3.699e-03,2.049e-02
301,"GH","2013-10-28",1.01e-02,9.76e+00,7.68e-04,1.021e+05,4.385e-03,6.577e-04,3.727e-03,8.641e-03,1.557e-02
302,"GH","2013-10-29",2.07e-03,8.55e+00,7.02e-04,1.992e+05,8.553e-03,9.837e-05,8.454e-03,1.215e-03,2.281e-02
303,"GH","2013-10-30",2.86e-03,9.75e+00,7.46e-04,6.016e+04,2.583e-03,5.331e-05,2.53e-03,2.107e-03,2.324e-02
304,"GH","2013-10-31",1.85e-03,9.83e+00,7.4e-04,5.55e+04,2.383e-03,2.516e-05,2.358e-03,1.082e-03,2.451e-02
305,"GH","2013-11-01",1.95e-02,9.65e+00,7.22e-04,8.524e+04,3.66e-03,1.754e-03,1.906e-03,1.702e-02,9.402e-03
306,"GH","2013-11-02",1.01e-02,8.04e+00,6.44e-04,6.189e+05,2.658e-02,2.928e-03,2.365e-02,6.437e-03,2.661e-02
307,"GH","2013-11-03",7.98e-04,7.29e+00,6.06e-04,3.132e+04,1.345e-03,1.949e-06,1.343e-03,1.517e-04,2.78e-02
308,"GH","2013-11-04",0e+00,6.11e+00,5.56e-04,2.564e+04,1.101e-03,0e+00,1.101e-03,0e+00,2.89e-02
309,"GH","2013-11-05",4.56e-03,7.54e+00,5.99e-04,2.234e+04,9.593e-04,4.278e-05,9.165e-04,3.369e-03,2.645e-02
310,"GH","2013-11-06",1.35e-02,8.42e+00,6.24e-04,4.415e+04,1.896e-03,5.166e-04,1.379e-03,1.241e-02,1.542e-02
311,"GH","2013-11-07",0e+00,7.96e+00,5.99e-04,2.019e+05,8.669e-03,0e+00,8.669e-03,0e+00,2.409e-02
312,"GH","2013-11-08",3.39e-03,7.09e+00,5.6e-04,4.876e+04,2.094e-03,4.963e-05,2.044e-03,2.134e-03,2.4e-02
313,"GH","2013-11-09",3.75e-03,5.62e+00,5.04e-04,4.999e+04,2.146e-03,7.133e-05,2.075e-03,3.124e-03,2.295e-02
314,"GH","2013-11-10",2.65e-04,5.55e+00,4.96e-04,5.755e+04,2.471e-03,0e+00,2.471e-03,0e+00,2.542e-02
315,"GH","2013-11-11",1.57e-02,1.1e+01,6.85e-04,5.811e+04,2.495e-03,8.583e-04,1.637e-03,1.411e-02,1.295e-02
316,"GH","2013-11-12",1.04e-03,8.95e+00,5.96e-04,3.058e+05,1.313e-02,4.567e-05,1.308e-02,3.102e-04,2.573e-02
317,"GH","2013-11-13",2.29e-03,7.15e+00,5.26e-04,3.694e+04,1.586e-03,2.934e-05,1.557e-03,1.671e-03,2.561e-02
318,"GH","2013-11-14",3.94e-03,7.17e+00,5.2e-04,3.857e+04,1.656e-03,6.981e-05,1.586e-03,3.352e-03,2.385e-02
319,"GH","2013-11-15",0e+00,6.34e+00,4.88e-04,4.959e+04,2.129e-03,0e+00,2.129e-03,0e+00,2.598e-02
320,"GH","2013-11-16",0e+00,7.99e+00,5.34e-04,3.478e+04,1.493e-03,0e+00,1.493e-03,0e+00,2.747e-02
321,"GH","2013-11-17",5.93e-04,9.1e+00,5.65e-04,2.711e+04,1.164e-03,0e+00,1.164e-03,0e+00,2.863e-02
322,"GH","2013-11-18",6.96e-03,7.51e+00,5.06e-04,2.423e+04,1.04e-03,8.15e-05,9.589e-04,5.399e-03,2.419e-02
323,"GH","2013-11-19",2.89e-03,3.01e+00,3.78e-04,4.807e+04,2.064e-03,5.423e-05,2.01e-03,2.332e-03,2.387e-02
324,"GH","2013-11-20",1.47e-02,5.56e+00,4.38e-04,7.167e+04,3.077e-03,9.566e-04,2.121e-03,1.343e-02,1.256e-02
325,"GH","2013-11-21",2.84e-03,5.77e+00,4.39e-04,3.327e+05,1.429e-02,3.109e-04,1.398e-02,2.112e-03,2.442e-02
326,"GH","2013-11-22",0e+00,4.15e+00,3.92e-04,4.506e+04,1.935e-03,0e+00,1.935e-03,0e+00,2.636e-02
327,"GH","2013-11-23",0e+00,2.78e+00,3.57e-04,3.264e+04,1.402e-03,0e+00,1.402e-03,0e+00,2.776e-02
328,"GH","2013-11-24",0e+00,3.85e+00,3.77e-04,2.584e+04,1.11e-03,0e+00,1.11e-03,0e+00,2.887e-02
329,"GH","2013-11-25",0e+00,3.52e+00,3.65e-04,2.148e+04,9.222e-04,0e+00,9.222e-04,0e+00,2.979e-02
330,"GH","2013-11-26",0e+00,5.01e+00,3.97e-04,1.842e+04,7.908e-04,0e+00,7.908e-04,0e+00,3.058e-02
331,"GH","2013-11-27",0e+00,8.43e+00,4.85e-04,1.614e+04,6.932e-04,0e+00,6.932e-04,0e+00,3.127e-02
332,"GH","2013-11-28",0e+00,8.44e+00,4.81e-04,1.438e+04,6.175e-04,0e+00,6.175e-04,0e+00,3.189e-02
333,"GH","2013-11-29",2.4e-04,7.52e+00,4.5e-04,1.298e+04,5.571e-04,0e+00,5.571e-04,0e+00,3.245e-02
334,"GH","2013-11-30",0e+00,6.01e+00,4.06e-04,1.183e+04,5.077e-04,0e+00,5.077e-04,0e+00,3.296e-02
335,"GH","2013-12-01",0e+00,7.35e+00,4.38e-04,1.087e+04,4.665e-04,0e+00,4.665e-04,0e+00,3.342e-02
336,"GH","2013-12-02",0e+00,5.96e+00,3.98e-04,1.005e+04,4.316e-04,0e+00,4.316e-04,0e+00,3.385e-02
337,"GH","2013-12-03",0e+00,5.82e+00,3.92e-04,9.355e+03,4.017e-04,0e+00,4.017e-04,0e+00,3.426e-02
338,"GH","2013-12-04",1.41e-03,6.34e+00,4.02e-04,8.749e+03,3.757e-04,0e+00,3.757e-04,0e+00,3.463e-02
339,"GH","2013-12-05",3.94e-03,6.08e+00,3.92e-04,8.232e+03,3.534e-04,5.651e-07,3.529e-04,1.469e-04,3.484e-02
340,"GH","2013-12-06",1.05e-03,4.83e+00,3.61e-04,8e+03,3.435e-04,2.538e-06,3.41e-04,6.595e-04,3.452e-02
341,"GH","2013-12-07",9.73e-04,6.81e+00,4.05e-04,8.429e+03,3.619e-04,2.348e-06,3.596e-04,6.103e-04,3.427e-02
342,"GH","2013-12-08",0e+00,8.52e+00,4.48e-04,8.731e+03,3.749e-04,0e+00,3.749e-04,0e+00,3.464e-02
343,"GH","2013-12-09",0e+00,8.46e+00,4.44e-04,8.202e+03,3.522e-04,0e+00,3.522e-04,0e+00,3.5e-02
344,"GH","2013-12-10",0e+00,7.5e+00,4.16e-04,7.735e+03,3.321e-04,0e+00,3.321e-04,0e+00,3.533e-02
345,"GH","2013-12-11",0e+00,6.17e+00,3.81e-04,7.318e+03,3.142e-04,0e+00,3.142e-04,0e+00,3.564e-02
346,"GH","2013-12-12",1.88e-03,1.02e+01,4.88e-04,6.945e+03,2.982e-04,0e+00,2.982e-04,0e+00,3.594e-02
347,"GH","2013-12-13",3.23e-03,1.04e+01,4.93e-04,6.838e+03,2.936e-04,9.873e-06,2.837e-04,2.566e-03,3.366e-02
348,"GH","2013-12-14",6.43e-03,7.97e+00,4.22e-04,1.063e+04,4.565e-04,4.147e-05,4.15e-04,5.893e-03,2.818e-02
349,"GH","2013-12-15",6.98e-03,9.62e+00,4.66e-04,2.668e+04,1.146e-03,1.115e-04,1.034e-03,6.457e-03,2.276e-02
350,"GH","2013-12-16",2.81e-03,8.76e+00,4.41e-04,6.092e+04,2.616e-03,6.227e-05,2.553e-03,2.287e-03,2.302e-02
351,"GH","2013-12-17",0e+00,4.13e+00,3.3e-04,5.689e+04,2.443e-03,0e+00,2.443e-03,0e+00,2.547e-02
352,"GH","2013-12-18",1.65e-02,7.51e+00,4.07e-04,6.003e+04,2.578e-03,9.52e-04,1.626e-03,1.478e-02,1.231e-02
353,"GH","2013-12-19",3.86e-03,4.33e+00,3.34e-04,3.504e+05,1.504e-02,4.786e-04,1.457e-02,2.979e-03,2.39e-02
354,"GH","2013-12-20",4.58e-03,6.66e+00,3.85e-04,5.191e+04,2.229e-03,1.17e-04,2.112e-03,4.133e-03,2.188e-02
355,"GH","2013-12-21",4.99e-03,9.14e+00,4.5e-04,7.294e+04,3.132e-03,1.743e-04,2.958e-03,4.448e-03,2.039e-02
356,"GH","2013-12-22",2.08e-03,5.05e+00,3.49e-04,8.987e+04,3.859e-03,6.731e-05,3.791e-03,1.565e-03,2.261e-02
357,"GH","2013-12-23",2.71e-02,7.4e+00,4.04e-04,2.052e+05,8.81e-03,6.194e-03,2.616e-03,2.052e-02,4.71e-03
358,"GH","2013-12-24",1.73e-03,5.79e+00,3.67e-04,1.214e+06,5.214e-02,4.521e-04,5.169e-02,8.825e-04,5.551e-02
359,"GH","2013-12-25",0e+00,3.35e+00,3.16e-04,2.531e+02,1.087e-05,0e+00,1.087e-05,0e+00,5.553e-02
360,"GH","2013-12-26",7.12e-03,2.25e+00,2.96e-04,2.768e+02,1.188e-05,1.038e-06,1.085e-05,6.442e-03,4.909e-02
361,"GH","2013-12-27",4.43e-03,6.94e+00,3.97e-04,7.827e+02,3.361e-05,1.928e-06,3.168e-05,4.128e-03,4.5e-02
362,"GH","2013-12-28",0e+00,4.27e+00,3.37e-04,1.46e+03,6.27e-05,0e+00,6.27e-05,0e+00,4.506e-02
363,"GH","2013-12-29",6.21e-04,4.71e+00,3.48e-04,1.445e+03,6.205e-05,0e+00,6.205e-05,0e+00,4.512e-02
364,"GH","2013-12-30",1.34e-02,7.56e+00,4.18e-04,2.096e+03,9.001e-05,2.86e-05,6.141e-05,1.295e-02,3.223e-02
365,"GH","2013-12-31",3.84e-03,6.23e+00,3.87e-04,1.276e+04,5.477e-04,2.146e-05,5.262e-04,3.397e-03,2.936e-02
366,"GH","2014-01-01",1.29e-02,7.57e+00,4.22e-04,2.667e+04,1.145e-03,2.959e-04,8.491e-04,1.22e-02,1.802e-02
367,"GH","2014-01-02",1.3e-03,6.82e+00,4.06e-04,1.319e+05,5.662e-03,3.463e-05,5.627e-03,8.403e-04,2.28e-02
368,"GH","2014-01-03",2.2e-03,6.68e+00,4.04e-04,5.991e+04,2.572e-03,3.848e-05,2.534e-03,1.757e-03,2.358e-02
369,"GH","2014-01-04",5.64e-03,4.7e+00,3.6e-04,5.568e+04,2.391e-03,1.645e-04,2.226e-03,5.078e-03,2.073e-02
370,"GH","2014-01-05",8.82e-03,5.62e+00,3.84e-04,9.573e+04,4.11e-03,5.295e-04,3.581e-03,7.941e-03,1.637e-02
371,"GH","2014-01-06",4.74e-03,8.49e+00,4.62e-04,1.812e+05,7.781e-03,3.751e-04,7.406e-03,3.997e-03,1.978e-02
372,"GH","2014-01-07",1.46e-03,7.95e+00,4.51e-04,9.868e+04,4.237e-03,4.117e-05,4.196e-03,9.572e-04,2.302e-02
373,"GH","2014-01-08",3.83e-03,7.53e+00,4.43e-04,5.928e+04,2.545e-03,9.957e-05,2.446e-03,3.284e-03,2.218e-02
374,"GH","2014-01-09",4.52e-03,6.15e+00,4.1e-04,6.891e+04,2.959e-03,1.462e-04,2.813e-03,3.947e-03,2.104e-02
375,"GH","2014-01-10",2.66e-03,6.13e+00,4.13e-04,8.13e+04,3.491e-03,9.297e-05,3.398e-03,2.162e-03,2.228e-02
376,"GH","2014-01-11",1.76e-04,3.7e+00,3.59e-04,6.44e+04,2.765e-03,0e+00,2.765e-03,0e+00,2.504e-02
377,"GH","2014-01-12",5.21e-03,3.12e+00,3.49e-04,4.313e+04,1.852e-03,1.075e-04,1.744e-03,4.515e-03,2.227e-02
378,"GH","2014-01-13",8.27e-04,5.36e+00,4.05e-04,6.472e+04,2.779e-03,1.088e-05,2.768e-03,4.678e-04,2.457e-02
379,"GH","2014-01-14",3.22e-03,4.16e+00,3.8e-04,4.543e+04,1.951e-03,6.41e-05,1.887e-03,2.756e-03,2.37e-02
380,"GH","2014-01-15",8.44e-03,9e+00,5.19e-04,5.817e+04,2.498e-03,3.167e-04,2.181e-03,7.752e-03,1.813e-02
381,"GH","2014-01-16",1.42e-04,6.29e+00,4.43e-04,1.285e+05,5.519e-03,0e+00,5.519e-03,0e+00,2.365e-02
382,"GH","2014-01-17",1.56e-03,5.55e+00,4.28e-04,5.163e+04,2.217e-03,1.704e-05,2.2e-03,7.326e-04,2.512e-02
383,"GH","2014-01-18",4.12e-03,6.19e+00,4.5e-04,4.202e+04,1.804e-03,8.179e-05,1.723e-03,3.615e-03,2.323e-02
384,"GH","2014-01-19",2.31e-03,4.81e+00,4.18e-04,5.598e+04,2.404e-03,4.238e-05,2.361e-03,1.823e-03,2.376e-02
385,"GH","2014-01-20",0e+00,2.88e+00,3.75e-04,5.027e+04,2.159e-03,0e+00,2.159e-03,0e+00,2.592e-02
386,"GH","2014-01-21",7.57e-03,4.12e+00,4.1e-04,3.905e+04,1.677e-03,1.703e-04,1.506e-03,6.618e-03,2.081e-02
387,"GH","2014-01-22",5.8e-04,6.21e+00,4.72e-04,8.24e+04,3.538e-03,7.018e-06,3.531e-03,1.632e-04,2.418e-02
388,"GH","2014-01-23",2.51e-03,4.78e+00,4.38e-04,4.799e+04,2.061e-03,4.632e-05,2.014e-03,1.992e-03,2.42e-02
389,"GH","2014-01-24",9.63e-03,5.61e+00,4.67e-04,5.548e+04,2.382e-03,3.753e-04,2.007e-03,8.839e-03,1.737e-02
390,"GH","2014-01-25",3.83e-03,6.94e+00,5.13e-04,1.517e+05,6.513e-03,2.471e-04,6.266e-03,3.144e-03,2.049e-02
391,"GH","2014-01-26",1.49e-02,4.68e+00,4.52e-04,1.235e+05,5.303e-03,1.579e-03,3.724e-03,1.279e-02,1.142e-02
392,"GH","2014-01-27",4.9e-03,4.31e+00,4.47e-04,4.115e+05,1.767e-02,7.856e-04,1.688e-02,3.69e-03,2.462e-02
393,"GH","2014-01-28",8.56e-03,5.73e+00,4.95e-04,4.991e+04,2.143e-03,2.704e-04,1.873e-03,7.844e-03,1.865e-02
394,"GH","2014-01-29",3.76e-03,4.54e+00,4.66e-04,1.224e+05,5.257e-03,1.914e-04,5.066e-03,3.091e-03,2.062e-02
395,"GH","2014-01-30",0e+00,2.3e+00,4.1e-04,8.489e+04,3.645e-03,0e+00,3.645e-03,0e+00,2.427e-02
396,"GH","2014-01-31",1.15e-02,4.13e+00,4.66e-04,5.737e+04,2.463e-03,4.777e-04,1.985e-03,1.015e-02,1.61e-02
397,"GH","2014-02-01",3.35e-03,5.38e+00,5.1e-04,1.85e+05,7.942e-03,2.002e-04,7.742e-03,2.681e-03,2.116e-02
398,"GH","2014-02-02",1.62e-04,6.54e+00,5.56e-04,7.757e+04,3.331e-03,0e+00,3.331e-03,0e+00,2.449e-02
399,"GH","2014-02-03",2.68e-03,6.07e+00,5.47e-04,4.547e+04,1.952e-03,4.051e-05,1.912e-03,1.742e-03,2.466e-02
400,"GH","2014-02-04",3.68e-03,5.21e+00,5.26e-04,4.494e+04,1.93e-03,7.13e-05,1.858e-03,3.066e-03,2.346e-02
401,"GH","2014-02-05",8.76e-03,6.79e+00,5.88e-04,6.094e+04,2.616e-03,3.438e-04,2.273e-03,7.907e-03,1.782e-02
402,"GH","2014-02-06",8.36e-03,6.73e+00,5.94e-04,1.518e+05,6.52e-03,7.071e-04,5.812e-03,7.093e-03,1.654e-02
403,"GH","2014-02-07",6.75e-03,5.29e+00,5.51e-04,1.815e+05,7.792e-03,5.97e-04,7.195e-03,5.587e-03,1.815e-02
404,"GH","2014-02-08",6.52e-03,6.65e+00,6.07e-04,1.385e+05,5.948e-03,4.444e-04,5.503e-03,5.54e-03,1.811e-02
405,"GH","2014-02-09",4.04e-03,5.5e+00,5.73e-04,1.342e+05,5.761e-03,2.241e-04,5.537e-03,3.229e-03,2.042e-02
406,"GH","2014-02-10",8.3e-04,3.55e+00,5.15e-04,8.803e+04,3.78e-03,1.064e-05,3.769e-03,2.473e-04,2.394e-02
407,"GH","2014-02-11",5.55e-03,3.74e+00,5.28e-04,5.227e+04,2.244e-03,1.488e-04,2.096e-03,4.896e-03,2.114e-02
408,"GH","2014-02-12",1.28e-02,4.42e+00,5.59e-04,1.015e+05,4.356e-03,1.015e-03,3.342e-03,1.13e-02,1.318e-02
409,"GH","2014-02-13",0e+00,4.46e+00,5.68e-04,2.934e+05,1.26e-02,0e+00,1.26e-02,0e+00,2.578e-02
410,"GH","2014-02-14",1.16e-02,5.65e+00,6.2e-04,4.479e+04,1.923e-03,3.799e-04,1.543e-03,1.015e-02,1.717e-02
411,"GH","2014-02-15",6.95e-03,5.97e+00,6.41e-04,1.643e+05,7.053e-03,5.794e-04,6.474e-03,5.771e-03,1.788e-02
412,"GH","2014-02-16",0e+00,5.22e+00,6.21e-04,1.341e+05,5.758e-03,0e+00,5.758e-03,0e+00,2.364e-02
413,"GH","2014-02-17",5.34e-03,6.93e+00,6.99e-04,5.406e+04,2.321e-03,1.158e-04,2.205e-03,3.974e-03,2.187e-02
414,"GH","2014-02-18",1.62e-04,7.55e+00,7.37e-04,6.897e+04,2.961e-03,0e+00,2.961e-03,0e+00,2.483e-02
415,"GH","2014-02-19",2.93e-03,8.2e+00,7.78e-04,4.299e+04,1.846e-03,3.796e-05,1.808e-03,1.632e-03,2.5e-02
416,"GH","2014-02-20",3.32e-03,8.35e+00,7.96e-04,4.222e+04,1.813e-03,5.694e-05,1.756e-03,2.488e-03,2.427e-02
417,"GH","2014-02-21",1.06e-03,5.47e+00,6.75e-04,4.634e+04,1.99e-03,6.034e-06,1.984e-03,2.595e-04,2.6e-02
418,"GH","2014-02-22",0e+00,7.36e+00,7.69e-04,3.466e+04,1.488e-03,0e+00,1.488e-03,0e+00,2.748e-02
419,"GH","2014-02-23",1.33e-03,1.02e+01,9.32e-04,2.705e+04,1.161e-03,0e+00,1.161e-03,0e+00,2.865e-02
420,"GH","2014-02-24",4.13e-03,9.06e+00,8.78e-04,2.32e+04,9.962e-04,3.93e-05,9.569e-04,3.058e-03,2.654e-02
421,"GH","2014-02-25",1.07e-03,7.34e+00,8e-04,3.169e+04,1.361e-03,2.491e-06,1.358e-03,1.938e-04,2.771e-02
422,"GH","2014-02-26",5.52e-04,6.72e+00,7.8e-04,2.605e+04,1.119e-03,0e+00,1.119e-03,0e+00,2.883e-02
423,"GH","2014-02-27",5.26e-03,6.37e+00,7.74e-04,2.281e+04,9.794e-04,5.101e-05,9.284e-04,4.187e-03,2.557e-02
424,"GH","2014-02-28",8.57e-04,4.23e+00,6.87e-04,3.724e+04,1.599e-03,1.057e-06,1.598e-03,8.227e-05,2.708e-02
425,"GH","2014-03-01",2.36e-04,4.15e+00,6.92e-04,2.891e+04,1.241e-03,0e+00,1.241e-03,0e+00,2.833e-02
426,"GH","2014-03-02",1.22e-02,7.26e+00,8.51e-04,2.988e+04,1.283e-03,2.736e-04,1.009e-03,1.077e-02,1.856e-02
427,"GH","2014-03-03",1.37e-03,4.38e+00,7.21e-04,1.202e+05,5.16e-03,2.153e-05,5.138e-03,5.006e-04,2.32e-02
428,"GH","2014-03-04",3.42e-04,5.55e+00,7.86e-04,5.525e+04,2.372e-03,0e+00,2.372e-03,0e+00,2.557e-02
429,"GH","2014-03-05",0e+00,6.35e+00,8.37e-04,3.721e+04,1.597e-03,0e+00,1.597e-03,0e+00,2.717e-02
430,"GH","2014-03-06",9.46e-04,9.03e+00,1e-03,2.851e+04,1.224e-03,0e+00,1.224e-03,0e+00,2.839e-02
431,"GH","2014-03-07",6.03e-03,8.77e+00,9.97e-04,2.445e+04,1.05e-03,5.142e-05,9.982e-04,3.982e-03,2.541e-02
432,"GH","2014-03-08",0e+00,9.29e+00,1.04e-03,3.823e+04,1.641e-03,0e+00,1.641e-03,0e+00,2.705e-02
433,"GH","2014-03-09",0e+00,1.09e+01,1.17e-03,2.908e+04,1.249e-03,0e+00,1.249e-03,0e+00,2.83e-02
434,"GH","2014-03-10",0e+00,8.09e+00,9.94e-04,2.362e+04,1.014e-03,0e+00,1.014e-03,0e+00,2.931e-02
435,"GH","2014-03-11",0e+00,6e+00,8.84e-04,1.994e+04,8.563e-04,0e+00,8.563e-04,0e+00,3.017e-02
436,"GH","2014-03-12",0e+00,7.13e+00,9.61e-04,1.729e+04,7.424e-04,0e+00,7.424e-04,0e+00,3.091e-02
437,"GH","2014-03-13",0e+00,6.88e+00,9.58e-04,1.528e+04,6.56e-04,0e+00,6.56e-04,0e+00,3.157e-02
438,"GH","2014-03-14",0e+00,7.3e+00,9.95e-04,1.37e+04,5.881e-04,0e+00,5.881e-04,0e+00,3.216e-02
439,"GH","2014-03-15",0e+00,9.66e+00,1.17e-03,1.242e+04,5.332e-04,0e+00,5.332e-04,0e+00,3.269e-02
440,"GH","2014-03-16",0e+00,8.93e+00,1.13e-03,1.136e+04,4.878e-04,0e+00,4.878e-04,0e+00,3.318e-02
441,"GH","2014-03-17",0e+00,8.38e+00,1.1e-03,1.047e+04,4.497e-04,0e+00,4.497e-04,0e+00,3.363e-02
442,"GH","2014-03-18",3.17e-03,8.88e+00,1.15e-03,9.718e+03,4.173e-04,0e+00,4.173e-04,0e+00,3.404e-02
443,"GH","2014-03-19",0e+00,9.58e+00,1.22e-03,9.065e+03,3.892e-04,0e+00,3.892e-04,0e+00,3.443e-02
444,"GH","2014-03-20",6.27e-03,7.81e+00,1.11e-03,8.496e+03,3.648e-04,0e+00,3.648e-04,0e+00,3.48e-02
445,"GH","2014-03-21",3.55e-03,6.64e+00,1.04e-03,7.995e+03,3.433e-04,0e+00,3.433e-04,0e+00,3.514e-02
446,"GH","2014-03-22",1.96e-03,4.61e+00,9.28e-04,7.627e+03,3.275e-04,3.312e-06,3.242e-04,8.608e-04,3.46e-02
447,"GH","2014-03-23",2.6e-03,5.2e+00,9.75e-04,8.405e+03,3.609e-04,6.395e-06,3.545e-04,1.662e-03,3.33e-02
448,"GH","2014-03-24",8.4e-04,5.16e+00,9.84e-04,1.027e+04,4.408e-04,0e+00,4.408e-04,0e+00,3.374e-02
449,"GH","2014-03-25",6.1e-03,7.24e+00,1.13e-03,1.021e+04,4.383e-04,2.874e-05,4.096e-04,4.96e-03,2.919e-02
450,"GH","2014-03-26",7.38e-04,5.5e+00,1.03e-03,2.037e+04,8.744e-04,0e+00,8.744e-04,0e+00,3.006e-02
451,"GH","2014-03-27",1.79e-03,5.16e+00,1.02e-03,1.766e+04,7.584e-04,2.599e-06,7.558e-04,3.724e-04,3.044e-02
452,"GH","2014-03-28",4.11e-03,6.84e+00,1.14e-03,1.718e+04,7.379e-04,2.881e-05,7.09e-04,3.062e-03,2.809e-02
453,"GH","2014-03-29",1.63e-03,1.07e+01,1.47e-03,2.459e+04,1.056e-03,6.129e-06,1.05e-03,4.77e-04,2.866e-02
454,"GH","2014-03-30",0e+00,1.32e+01,1.74e-03,2.222e+04,9.54e-04,0e+00,9.54e-04,0e+00,2.962e-02
455,"GH","2014-03-31",7.21e-03,1.26e+01,1.71e-03,2.004e+04,8.603e-04,4.656e-05,8.138e-04,4.025e-03,2.641e-02
456,"GH","2014-04-01",4.64e-04,1.07e+01,1.54e-03,3.237e+04,1.39e-03,0e+00,1.39e-03,0e+00,2.78e-02
457,"GH","2014-04-02",3.95e-03,1.21e+01,1.7e-03,2.603e+04,1.118e-03,1.536e-05,1.102e-03,1.195e-03,2.77e-02
458,"GH","2014-04-03",6.8e-03,1.22e+01,1.73e-03,2.802e+04,1.203e-03,8.371e-05,1.12e-03,5.019e-03,2.38e-02
459,"GH","2014-04-04",2.34e-03,1.03e+01,1.55e-03,5.027e+04,2.158e-03,1.384e-05,2.144e-03,5.953e-04,2.535e-02
460,"GH","2014-04-05",3.34e-03,1.08e+01,1.62e-03,3.941e+04,1.692e-03,3.574e-05,1.656e-03,1.755e-03,2.526e-02
461,"GH","2014-04-06",1.65e-03,1.22e+01,1.78e-03,3.922e+04,1.684e-03,3.591e-07,1.684e-03,2.795e-05,2.691e-02
462,"GH","2014-04-07",4.23e-03,9.86e+00,1.56e-03,3.052e+04,1.31e-03,3.261e-05,1.278e-03,2.416e-03,2.577e-02
463,"GH","2014-04-08",7.01e-04,7.64e+00,1.37e-03,3.598e+04,1.545e-03,0e+00,1.545e-03,0e+00,2.732e-02
464,"GH","2014-04-09",0e+00,9.52e+00,1.56e-03,2.781e+04,1.194e-03,0e+00,1.194e-03,0e+00,2.851e-02
465,"GH","2014-04-10",3.21e-04,9.56e+00,1.58e-03,2.279e+04,9.786e-04,0e+00,9.786e-04,0e+00,2.949e-02
466,"GH","2014-04-11",8.77e-05,8.8e+00,1.52e-03,1.936e+04,8.313e-04,0e+00,8.313e-04,0e+00,3.032e-02
467,"GH","2014-04-12",1.85e-04,8.94e+00,1.55e-03,1.686e+04,7.238e-04,0e+00,7.238e-04,0e+00,3.104e-02
468,"GH","2014-04-13",0e+00,8.96e+00,1.57e-03,1.494e+04,6.415e-04,0e+00,6.415e-04,0e+00,3.169e-02
469,"GH","2014-04-14",0e+00,9.2e+00,1.61e-03,1.343e+04,5.765e-04,0e+00,5.765e-04,0e+00,3.226e-02
470,"GH","2014-04-15",0e+00,9.13e+00,1.62e-03,1.22e+04,5.237e-04,0e+00,5.237e-04,0e+00,3.279e-02
471,"GH","2014-04-16",0e+00,9.79e+00,1.7e-03,1.118e+04,4.799e-04,0e+00,4.799e-04,0e+00,3.327e-02
472,"GH","2014-04-17",0e+00,9.45e+00,1.69e-03,1.032e+04,4.43e-04,0e+00,4.43e-04,0e+00,3.371e-02
473,"GH","2014-04-18",0e+00,8.63e+00,1.62e-03,9.583e+03,4.115e-04,0e+00,4.115e-04,0e+00,3.412e-02
474,"GH","2014-04-19",0e+00,7.66e+00,1.54e-03,8.948e+03,3.842e-04,0e+00,3.842e-04,0e+00,3.451e-02
475,"GH","2014-04-20",1.6e-03,9.77e+00,1.77e-03,8.393e+03,3.604e-04,0e+00,3.604e-04,0e+00,3.487e-02
476,"GH","2014-04-21",1.98e-03,1.24e+01,2.11e-03,7.904e+03,3.394e-04,0e+00,3.394e-04,0e+00,3.52e-02
477,"GH","2014-04-22",2.83e-03,1.08e+01,1.92e-03,7.469e+03,3.207e-04,0e+00,3.207e-04,0e+00,3.553e-02
478,"GH","2014-04-23",3.21e-03,1.06e+01,1.91e-03,7.08e+03,3.04e-04,0e+00,3.04e-04,0e+00,3.583e-02
479,"GH","2014-04-24",3.17e-04,1.07e+01,1.94e-03,6.731e+03,2.89e-04,0e+00,2.89e-04,0e+00,3.612e-02
480,"GH","2014-04-25",4.29e-03,1.01e+01,1.9e-03,6.414e+03,2.754e-04,0e+00,2.754e-04,0e+00,3.639e-02
481,"GH","2014-04-26",1.98e-03,1.07e+01,1.98e-03,6.126e+03,2.63e-04,0e+00,2.63e-04,0e+00,3.666e-02
482,"GH","2014-04-27",6.35e-03,1.06e+01,1.98e-03,5.864e+03,2.518e-04,0e+00,2.518e-04,0e+00,3.691e-02
483,"GH","2014-04-28",0e+00,1.19e+01,2.18e-03,5.623e+03,2.414e-04,0e+00,2.414e-04,0e+00,3.715e-02
484,"GH","2014-04-29",8.32e-04,1.21e+01,2.22e-03,5.401e+03,2.319e-04,0e+00,2.319e-04,0e+00,3.738e-02
485,"GH","2014-04-30",2.97e-03,1.24e+01,2.29e-03,5.196e+03,2.231e-04,0e+00,2.231e-04,0e+00,3.761e-02
486,"GH","2014-05-01",4.58e-03,1.13e+01,2.15e-03,5.007e+03,2.15e-04,0e+00,2.15e-04,0e+00,3.782e-02
487,"GH","2014-05-02",0e+00,1e+01,2e-03,4.83e+03,2.074e-04,0e+00,2.074e-04,0e+00,3.803e-02
488,"GH","2014-05-03",0e+00,9.56e+00,1.96e-03,4.666e+03,2.004e-04,0e+00,2.004e-04,0e+00,3.823e-02
489,"GH","2014-05-04",0e+00,1.19e+01,2.29e-03,4.513e+03,1.938e-04,0e+00,1.938e-04,0e+00,3.842e-02
490,"GH","2014-05-05",2.94e-03,1.19e+01,2.31e-03,4.37e+03,1.876e-04,0e+00,1.876e-04,0e+00,3.861e-02
491,"GH","2014-05-06",1.67e-03,1.19e+01,2.32e-03,4.235e+03,1.818e-04,0e+00,1.818e-04,0e+00,3.879e-02
492,"GH","2014-05-07",5.02e-04,1.12e+01,2.24e-03,4.109e+03,1.764e-04,0e+00,1.764e-04,0e+00,3.897e-02
493,"GH","2014-05-08",4.25e-03,1.14e+01,2.29e-03,3.99e+03,1.713e-04,0e+00,1.713e-04,0e+00,3.914e-02
494,"GH","2014-05-09",3.25e-03,1.14e+01,2.31e-03,3.877e+03,1.665e-04,0e+00,1.665e-04,0e+00,3.931e-02
495,"GH","2014-05-10",9.9e-03,1.12e+01,2.29e-03,3.936e+03,1.69e-04,7.092e-06,1.619e-04,3.245e-03,3.622e-02
496,"GH","2014-05-11",6.7e-03,1.01e+01,2.16e-03,6.729e+03,2.889e-04,1.828e-05,2.707e-04,4.392e-03,3.21e-02
497,"GH","2014-05-12",2.97e-03,1.01e+01,2.17e-03,1.266e+04,5.435e-04,5.589e-06,5.379e-04,8.008e-04,3.184e-02
498,"GH","2014-05-13",2.47e-03,1.02e+01,2.21e-03,1.314e+04,5.64e-04,2.048e-06,5.62e-04,2.935e-04,3.211e-02
499,"GH","2014-05-14",0e+00,1.2e+01,2.48e-03,1.252e+04,5.374e-04,0e+00,5.374e-04,0e+00,3.265e-02
500,"GH","2014-05-15",1.34e-04,1.37e+01,2.78e-03,1.144e+04,4.914e-04,0e+00,4.914e-04,0e+00,3.314e-02
501,"GH","2014-05-16",0e+00,1.57e+01,3.15e-03,1.054e+04,4.527e-04,0e+00,4.527e-04,0e+00,3.359e-02
502,"GH","2014-05-17",0e+00,1.52e+01,3.09e-03,9.778e+03,4.198e-04,0e+00,4.198e-04,0e+00,3.401e-02
503,"GH","2014-05-18",0e+00,1.62e+01,3.31e-03,9.117e+03,3.915e-04,0e+00,3.915e-04,0e+00,3.44e-02
504,"GH","2014-05-19",2.43e-03,1.63e+01,3.34e-03,8.541e+03,3.667e-04,0e+00,3.667e-04,0e+00,3.477e-02
505,"GH","2014-05-20",7.04e-03,1.55e+01,3.2e-03,8.035e+03,3.45e-04,0e+00,3.45e-04,0e+00,3.511e-02
506,"GH","2014-05-21",1.33e-04,1.37e+01,2.89e-03,7.586e+03,3.257e-04,0e+00,3.257e-04,0e+00,3.544e-02
507,"GH","2014-05-22",7.17e-03,1.22e+01,2.64e-03,7.185e+03,3.085e-04,0e+00,3.085e-04,0e+00,3.575e-02
508,"GH","2014-05-23",8.71e-03,1.2e+01,2.63e-03,6.975e+03,2.995e-04,6.43e-06,2.93e-04,1.671e-03,3.437e-02
509,"GH","2014-05-24",1.02e-02,1.26e+01,2.73e-03,9.894e+03,4.248e-04,5.61e-05,3.687e-04,7.548e-03,2.719e-02
510,"GH","2014-05-25",8.01e-03,1.22e+01,2.68e-03,3.06e+04,1.314e-03,9.385e-05,1.22e-03,5.192e-03,2.322e-02
511,"GH","2014-05-26",1.3e-03,1.31e+01,2.85e-03,5.508e+04,2.365e-03,0e+00,2.365e-03,0e+00,2.558e-02
512,"GH","2014-05-27",9.96e-04,1.38e+01,3e-03,3.714e+04,1.595e-03,0e+00,1.595e-03,0e+00,2.718e-02
513,"GH","2014-05-28",4.46e-03,1.2e+01,2.69e-03,2.847e+04,1.222e-03,0e+00,1.222e-03,0e+00,2.84e-02
514,"GH","2014-05-29",1.7e-03,1.24e+01,2.76e-03,2.322e+04,9.971e-04,0e+00,9.971e-04,0e+00,2.94e-02
515,"GH","2014-05-30",0e+00,1.36e+01,2.99e-03,1.967e+04,8.444e-04,0e+00,8.444e-04,0e+00,3.024e-02
516,"GH","2014-05-31",0e+00,1.48e+01,3.23e-03,1.709e+04,7.336e-04,0e+00,7.336e-04,0e+00,3.097e-02
517,"GH","2014-06-01",1.04e-03,1.49e+01,3.28e-03,1.512e+04,6.492e-04,0e+00,6.492e-04,0e+00,3.162e-02
518,"GH","2014-06-02",3.15e-03,1.43e+01,3.17e-03,1.357e+04,5.826e-04,0e+00,5.826e-04,0e+00,3.221e-02
519,"GH","2014-06-03",1.99e-03,1.34e+01,3e-03,1.231e+04,5.287e-04,0e+00,5.287e-04,0e+00,3.273e-02
520,"GH","2014-06-04",7.71e-03,1.08e+01,2.56e-03,1.127e+04,4.841e-04,0e+00,4.841e-04,0e+00,3.322e-02
521,"GH","2014-06-05",2.05e-04,1.23e+01,2.82e-03,1.04e+04,4.466e-04,0e+00,4.466e-04,0e+00,3.367e-02
522,"GH","2014-06-06",0e+00,1.53e+01,3.41e-03,9.655e+03,4.145e-04,0e+00,4.145e-04,0e+00,3.408e-02
523,"GH","2014-06-07",6.54e-03,1.56e+01,3.49e-03,9.01e+03,3.869e-04,0e+00,3.869e-04,0e+00,3.447e-02
524,"GH","2014-06-08",4.82e-03,1.58e+01,3.54e-03,8.447e+03,3.627e-04,0e+00,3.627e-04,0e+00,3.483e-02
525,"GH","2014-06-09",7.56e-03,1.59e+01,3.58e-03,8.088e+03,3.473e-04,5.861e-06,3.414e-04,1.523e-03,3.365e-02
526,"GH","2014-06-10",5.29e-03,1.5e+01,3.38e-03,9.881e+03,4.243e-04,8.5e-06,4.158e-04,1.707e-03,3.236e-02
527,"GH","2014-06-11",1.8e-04,1.52e+01,3.43e-03,1.201e+04,5.156e-04,0e+00,5.156e-04,0e+00,3.287e-02
528,"GH","2014-06-12",0e+00,1.57e+01,3.54e-03,1.102e+04,4.731e-04,0e+00,4.731e-04,0e+00,3.335e-02
529,"GH","2014-06-13",0e+00,1.67e+01,3.78e-03,1.018e+04,4.372e-04,0e+00,4.372e-04,0e+00,3.378e-02
530,"GH","2014-06-14",0e+00,1.67e+01,3.79e-03,9.468e+03,4.065e-04,0e+00,4.065e-04,0e+00,3.419e-02
531,"GH","2014-06-15",9.89e-04,1.64e+01,3.71e-03,8.848e+03,3.799e-04,0e+00,3.799e-04,0e+00,3.457e-02
532,"GH","2014-06-16",8.93e-04,1.63e+01,3.7e-03,8.305e+03,3.566e-04,0e+00,3.566e-04,0e+00,3.493e-02
533,"GH","2014-06-17",2.89e-04,1.69e+01,3.83e-03,7.826e+03,3.36e-04,0e+00,3.36e-04,0e+00,3.526e-02
534,"GH","2014-06-18",6.87e-04,1.81e+01,4.13e-03,7.399e+03,3.177e-04,0e+00,3.177e-04,0e+00,3.558e-02
535,"GH","2014-06-19",0e+00,1.68e+01,3.81e-03,7.018e+03,3.013e-04,0e+00,3.013e-04,0e+00,3.588e-02
536,"GH","2014-06-20",0e+00,1.59e+01,3.62e-03,6.674e+03,2.866e-04,0e+00,2.866e-04,0e+00,3.617e-02
537,"GH","2014-06-21",0e+00,1.51e+01,3.43e-03,6.363e+03,2.732e-04,0e+00,2.732e-04,0e+00,3.644e-02
538,"GH","2014-06-22",0e+00,1.67e+01,3.78e-03,6.08e+03,2.61e-04,0e+00,2.61e-04,0e+00,3.67e-02
539,"GH","2014-06-23",0e+00,1.73e+01,3.93e-03,5.821e+03,2.499e-04,0e+00,2.499e-04,0e+00,3.695e-02
540,"GH","2014-06-24",1.14e-04,1.61e+01,3.65e-03,5.583e+03,2.397e-04,0e+00,2.397e-04,0e+00,3.719e-02
541,"GH","2014-06-25",0e+00,1.59e+01,3.59e-03,5.365e+03,2.303e-04,0e+00,2.303e-04,0e+00,3.742e-02
542,"GH","2014-06-26",7.47e-04,1.6e+01,3.62e-03,5.163e+03,2.217e-04,0e+00,2.217e-04,0e+00,3.764e-02
543,"GH","2014-06-27",1.2e-02,1.4e+01,3.18e-03,4.975e+03,2.136e-04,0e+00,2.136e-04,0e+00,3.786e-02
544,"GH","2014-06-28",4.95e-03,1.32e+01,3.02e-03,4.801e+03,2.062e-04,0e+00,2.062e-04,0e+00,3.806e-02
545,"GH","2014-06-29",5.41e-04,1.34e+01,3.06e-03,4.639e+03,1.992e-04,0e+00,1.992e-04,0e+00,3.826e-02
546,"GH","2014-06-30",0e+00,1.48e+01,3.32e-03,4.488e+03,1.927e-04,0e+00,1.927e-04,0e+00,3.845e-02
547,"GH","2014-07-01",0e+00,1.67e+01,3.72e-03,4.346e+03,1.866e-04,0e+00,1.866e-04,0e+00,3.864e-02
548,"GH","2014-07-02",0e+00,1.76e+01,3.93e-03,4.213e+03,1.809e-04,0e+00,1.809e-04,0e+00,3.882e-02
549,"GH","2014-07-03",4.1e-04,1.74e+01,3.89e-03,4.088e+03,1.755e-04,0e+00,1.755e-04,0e+00,3.9e-02
550,"GH","2014-07-04",9.16e-03,1.65e+01,3.65e-03,3.97e+03,1.704e-04,0e+00,1.704e-04,0e+00,3.917e-02
551,"GH","2014-07-05",3.86e-03,1.61e+01,3.56e-03,3.859e+03,1.657e-04,0e+00,1.657e-04,0e+00,3.933e-02
552,"GH","2014-07-06",5.28e-04,1.5e+01,3.32e-03,3.754e+03,1.612e-04,0e+00,1.612e-04,0e+00,3.949e-02
553,"GH","2014-07-07",2.6e-03,1.44e+01,3.19e-03,3.654e+03,1.569e-04,0e+00,1.569e-04,0e+00,3.965e-02
554,"GH","2014-07-08",3.74e-03,1.44e+01,3.18e-03,3.56e+03,1.528e-04,0e+00,1.528e-04,0e+00,3.98e-02
555,"GH","2014-07-09",2.36e-04,1.59e+01,3.47e-03,3.47e+03,1.49e-04,0e+00,1.49e-04,0e+00,3.995e-02
556,"GH","2014-07-10",0e+00,1.72e+01,3.73e-03,3.385e+03,1.453e-04,0e+00,1.453e-04,0e+00,4.01e-02
557,"GH","2014-07-11",0e+00,1.8e+01,3.91e-03,3.304e+03,1.419e-04,0e+00,1.419e-04,0e+00,4.024e-02
558,"GH","2014-07-12",9.12e-04,1.83e+01,3.95e-03,3.227e+03,1.386e-04,0e+00,1.386e-04,0e+00,4.038e-02
559,"GH","2014-07-13",1.5e-03,1.64e+01,3.51e-03,3.153e+03,1.354e-04,0e+00,1.354e-04,0e+00,4.051e-02
560,"GH","2014-07-14",7.21e-04,1.66e+01,3.53e-03,3.083e+03,1.324e-04,0e+00,1.324e-04,0e+00,4.065e-02
561,"GH","2014-07-15",1.36e-04,1.7e+01,3.6e-03,3.016e+03,1.295e-04,0e+00,1.295e-04,0e+00,4.078e-02
562,"GH","2014-07-16",5.55e-04,1.74e+01,3.68e-03,2.951e+03,1.267e-04,0e+00,1.267e-04,0e+00,4.09e-02
563,"GH","2014-07-17",0e+00,1.97e+01,4.21e-03,2.89e+03,1.241e-04,0e+00,1.241e-04,0e+00,4.103e-02
564,"GH","2014-07-18",5.22e-04,2.18e+01,4.78e-03,2.83e+03,1.215e-04,0e+00,1.215e-04,0e+00,4.115e-02
565,"GH","2014-07-19",1.4e-02,1.88e+01,3.95e-03,2.774e+03,1.191e-04,0e+00,1.191e-04,0e+00,4.127e-02
566,"GH","2014-07-20",2.93e-04,1.82e+01,3.77e-03,2.719e+03,1.168e-04,0e+00,1.168e-04,0e+00,4.138e-02
567,"GH","2014-07-21",0e+00,1.86e+01,3.84e-03,2.667e+03,1.145e-04,0e+00,1.145e-04,0e+00,4.15e-02
568,"GH","2014-07-22",0e+00,2.04e+01,4.28e-03,2.616e+03,1.123e-04,0e+00,1.123e-04,0e+00,4.161e-02
569,"GH","2014-07-23",0e+00,2.1e+01,4.4e-03,2.568e+03,1.103e-04,0e+00,1.103e-04,0e+00,4.172e-02
570,"GH","2014-07-24",0e+00,2.14e+01,4.49e-03,2.521e+03,1.082e-04,0e+00,1.082e-04,0e+00,4.183e-02
571,"GH","2014-07-25",0e+00,2.12e+01,4.41e-03,2.476e+03,1.063e-04,0e+00,1.063e-04,0e+00,4.194e-02
572,"GH","2014-07-26",4.02e-04,2.08e+01,4.28e-03,2.432e+03,1.044e-04,0e+00,1.044e-04,0e+00,4.204e-02
573,"GH","2014-07-27",1.06e-04,1.74e+01,3.42e-03,2.391e+03,1.026e-04,0e+00,1.026e-04,0e+00,4.214e-02
574,"GH","2014-07-28",2.61e-03,1.74e+01,3.4e-03,2.35e+03,1.009e-04,0e+00,1.009e-04,0e+00,4.224e-02
575,"GH","2014-07-29",1.42e-04,1.7e+01,3.29e-03,2.311e+03,9.922e-05,0e+00,9.922e-05,0e+00,4.234e-02
576,"GH","2014-07-30",0e+00,1.72e+01,3.32e-03,2.273e+03,9.759e-05,0e+00,9.759e-05,0e+00,4.244e-02
577,"GH","2014-07-31",8.25e-04,1.76e+01,3.37e-03,2.236e+03,9.602e-05,0e+00,9.602e-05,0e+00,4.254e-02
578,"GH","2014-08-01",1.08e-02,1.7e+01,3.23e-03,2.201e+03,9.449e-05,0e+00,9.449e-05,0e+00,4.263e-02
579,"GH","2014-08-02",7.69e-03,1.66e+01,3.13e-03,2.166e+03,9.301e-05,0e+00,9.301e-05,0e+00,4.272e-02
580,"GH","2014-08-03",4.11e-04,1.7e+01,3.17e-03,2.133e+03,9.158e-05,0e+00,9.158e-05,0e+00,4.282e-02
581,"GH","2014-08-04",0e+00,1.72e+01,3.19e-03,2.101e+03,9.02e-05,0e+00,9.02e-05,0e+00,4.291e-02
582,"GH","2014-08-05",8.89e-03,1.71e+01,3.15e-03,2.069e+03,8.885e-05,0e+00,8.885e-05,0e+00,4.3e-02
583,"GH","2014-08-06",8.98e-03,1.89e+01,3.48e-03,2.039e+03,8.754e-05,0e+00,8.754e-05,0e+00,4.308e-02
584,"GH","2014-08-07",0e+00,1.74e+01,3.15e-03,2.009e+03,8.628e-05,0e+00,8.628e-05,0e+00,4.317e-02
585,"GH","2014-08-08",7.93e-04,1.75e+01,3.14e-03,1.981e+03,8.504e-05,0e+00,8.504e-05,0e+00,4.325e-02
586,"GH","2014-08-09",2.91e-03,1.68e+01,2.98e-03,1.953e+03,8.385e-05,0e+00,8.385e-05,0e+00,4.334e-02
587,"GH","2014-08-10",1.78e-02,1.48e+01,2.62e-03,2.183e+03,9.372e-05,1.104e-05,8.268e-05,7.011e-03,3.641e-02
588,"GH","2014-08-11",1.77e-03,1.54e+01,2.69e-03,6.111e+03,2.624e-04,0e+00,2.624e-04,0e+00,3.667e-02
589,"GH","2014-08-12",1.13e-03,1.48e+01,2.57e-03,5.849e+03,2.511e-04,0e+00,2.511e-04,0e+00,3.692e-02
590,"GH","2014-08-13",3.02e-03,1.5e+01,2.58e-03,5.609e+03,2.408e-04,0e+00,2.408e-04,0e+00,3.716e-02
591,"GH","2014-08-14",3.75e-03,1.46e+01,2.49e-03,5.389e+03,2.314e-04,0e+00,2.314e-04,0e+00,3.74e-02
592,"GH","2014-08-15",3.45e-03,1.49e+01,2.51e-03,5.209e+03,2.237e-04,1.057e-06,2.226e-04,5.02e-04,3.712e-02
593,"GH","2014-08-16",1.24e-04,1.55e+01,2.58e-03,5.432e+03,2.332e-04,0e+00,2.332e-04,0e+00,3.735e-02
594,"GH","2014-08-17",1.67e-03,1.47e+01,2.44e-03,5.225e+03,2.243e-04,0e+00,2.243e-04,0e+00,3.757e-02
595,"GH","2014-08-18",8.13e-04,1.39e+01,2.3e-03,5.033e+03,2.161e-04,0e+00,2.161e-04,0e+00,3.779e-02
596,"GH","2014-08-19",2.46e-03,1.25e+01,2.09e-03,4.855e+03,2.085e-04,0e+00,2.085e-04,0e+00,3.8e-02
597,"GH","2014-08-20",6.8e-04,1.28e+01,2.1e-03,4.689e+03,2.013e-04,0e+00,2.013e-04,0e+00,3.82e-02
598,"GH","2014-08-21",2.33e-03,1.32e+01,2.14e-03,4.535e+03,1.947e-04,0e+00,1.947e-04,0e+00,3.839e-02
599,"GH","2014-08-22",1.96e-03,1.33e+01,2.13e-03,4.39e+03,1.885e-04,0e+00,1.885e-04,0e+00,3.858e-02
600,"GH","2014-08-23",1.93e-03,1.27e+01,2.03e-03,4.254e+03,1.827e-04,0e+00,1.827e-04,0e+00,3.877e-02
601,"GH","2014-08-24",2.07e-03,1.37e+01,2.14e-03,4.126e+03,1.772e-04,0e+00,1.772e-04,0e+00,3.894e-02
602,"GH","2014-08-25",1.71e-02,1.44e+01,2.21e-03,5.157e+03,2.214e-04,4.942e-05,1.72e-04,1.065e-02,2.847e-02
603,"GH","2014-08-26",2.56e-03,1.61e+01,2.43e-03,2.307e+04,9.905e-04,4.424e-06,9.861e-04,3.443e-04,2.911e-02
604,"GH","2014-08-27",3.47e-04,1.55e+01,2.32e-03,2.064e+04,8.861e-04,0e+00,8.861e-04,0e+00,2.999e-02
605,"GH","2014-08-28",1.35e-03,1.77e+01,2.63e-03,1.78e+04,7.644e-04,0e+00,7.644e-04,0e+00,3.076e-02
606,"GH","2014-08-29",2.61e-03,1.62e+01,2.37e-03,1.567e+04,6.73e-04,0e+00,6.73e-04,0e+00,3.143e-02
607,"GH","2014-08-30",1.44e-03,1.6e+01,2.32e-03,1.401e+04,6.016e-04,0e+00,6.016e-04,0e+00,3.203e-02
608,"GH","2014-08-31",4.14e-04,1.58e+01,2.27e-03,1.267e+04,5.442e-04,0e+00,5.442e-04,0e+00,3.258e-02
609,"GH","2014-09-01",2.23e-03,1.52e+01,2.16e-03,1.158e+04,4.97e-04,0e+00,4.97e-04,0e+00,3.307e-02
610,"GH","2014-09-02",0e+00,1.52e+01,2.14e-03,1.066e+04,4.575e-04,0e+00,4.575e-04,0e+00,3.353e-02
611,"GH","2014-09-03",0e+00,1.7e+01,2.37e-03,9.873e+03,4.239e-04,0e+00,4.239e-04,0e+00,3.395e-02
612,"GH","2014-09-04",0e+00,1.7e+01,2.34e-03,9.199e+03,3.95e-04,0e+00,3.95e-04,0e+00,3.435e-02
613,"GH","2014-09-05",2.28e-04,1.62e+01,2.21e-03,8.613e+03,3.698e-04,0e+00,3.698e-04,0e+00,3.472e-02
614,"GH","2014-09-06",1.82e-03,1.49e+01,2.01e-03,8.098e+03,3.477e-04,0e+00,3.477e-04,0e+00,3.507e-02
615,"GH","2014-09-07",0e+00,1.3e+01,1.77e-03,7.642e+03,3.281e-04,0e+00,3.281e-04,0e+00,3.54e-02
616,"GH","2014-09-08",0e+00,1.27e+01,1.71e-03,7.236e+03,3.107e-04,0e+00,3.107e-04,0e+00,3.571e-02
617,"GH","2014-09-09",0e+00,1.35e+01,1.78e-03,6.871e+03,2.95e-04,0e+00,2.95e-04,0e+00,3.6e-02
618,"GH","2014-09-10",0e+00,1.52e+01,1.96e-03,6.541e+03,2.808e-04,0e+00,2.808e-04,0e+00,3.628e-02
619,"GH","2014-09-11",0e+00,1.53e+01,1.94e-03,6.242e+03,2.68e-04,0e+00,2.68e-04,0e+00,3.655e-02
620,"GH","2014-09-12",0e+00,1.47e+01,1.86e-03,5.969e+03,2.563e-04,0e+00,2.563e-04,0e+00,3.681e-02
621,"GH","2014-09-13",0e+00,1.57e+01,1.94e-03,5.72e+03,2.456e-04,0e+00,2.456e-04,0e+00,3.705e-02
622,"GH","2014-09-14",0e+00,1.42e+01,1.75e-03,5.49e+03,2.357e-04,0e+00,2.357e-04,0e+00,3.729e-02
623,"GH","2014-09-15",8.46e-04,1.45e+01,1.77e-03,5.279e+03,2.266e-04,0e+00,2.266e-04,0e+00,3.751e-02
624,"GH","2014-09-16",8.39e-04,1.56e+01,1.86e-03,5.083e+03,2.182e-04,0e+00,2.182e-04,0e+00,3.773e-02
625,"GH","2014-09-17",1.67e-04,1.58e+01,1.87e-03,4.901e+03,2.104e-04,0e+00,2.104e-04,0e+00,3.794e-02
626,"GH","2014-09-18",0e+00,1.73e+01,2.03e-03,4.732e+03,2.032e-04,0e+00,2.032e-04,0e+00,3.815e-02
627,"GH","2014-09-19",3.55e-03,1.68e+01,1.94e-03,4.575e+03,1.964e-04,0e+00,1.964e-04,0e+00,3.834e-02
628,"GH","2014-09-20",4.93e-04,1.57e+01,1.8e-03,4.428e+03,1.901e-04,0e+00,1.901e-04,0e+00,3.853e-02
629,"GH","2014-09-21",0e+00,1.36e+01,1.55e-03,4.289e+03,1.842e-04,0e+00,1.842e-04,0e+00,3.872e-02
630,"GH","2014-09-22",0e+00,1.27e+01,1.45e-03,4.16e+03,1.786e-04,0e+00,1.786e-04,0e+00,3.89e-02
631,"GH","2014-09-23",5.03e-03,1.28e+01,1.44e-03,4.038e+03,1.734e-04,0e+00,1.734e-04,0e+00,3.907e-02
632,"GH","2014-09-24",2.27e-03,1.26e+01,1.4e-03,3.923e+03,1.684e-04,0e+00,1.684e-04,0e+00,3.924e-02
633,"GH","2014-09-25",4.31e-04,1.4e+01,1.52e-03,3.814e+03,1.638e-04,0e+00,1.638e-04,0e+00,3.94e-02
634,"GH","2014-09-26",4.16e-04,1.5e+01,1.59e-03,3.711e+03,1.594e-04,0e+00,1.594e-04,0e+00,3.956e-02
635,"GH","2014-09-27",0e+00,1.34e+01,1.43e-03,3.614e+03,1.552e-04,0e+00,1.552e-04,0e+00,3.972e-02
636,"GH","2014-09-28",0e+00,1.57e+01,1.62e-03,3.522e+03,1.512e-04,0e+00,1.512e-04,0e+00,3.987e-02
637,"GH","2014-09-29",9.16e-04,1.47e+01,1.5e-03,3.434e+03,1.475e-04,0e+00,1.475e-04,0e+00,4.001e-02
638,"GH","2014-09-30",0e+00,1.55e+01,1.56e-03,3.351e+03,1.439e-04,0e+00,1.439e-04,0e+00,4.016e-02
639,"GH","2014-10-01",1.66e-03,1.46e+01,1.45e-03,3.272e+03,1.405e-04,0e+00,1.405e-04,0e+00,4.03e-02
640,"GH","2014-10-02",0e+00,1.26e+01,1.28e-03,3.196e+03,1.372e-04,0e+00,1.372e-04,0e+00,4.044e-02
641,"GH","2014-10-03",5.85e-04,1.55e+01,1.5e-03,3.124e+03,1.341e-04,0e+00,1.341e-04,0e+00,4.057e-02
642,"GH","2014-10-04",1.98e-02,1.18e+01,1.18e-03,3.055e+03,1.312e-04,0e+00,1.312e-04,0e+00,4.07e-02
643,"GH","2014-10-05",0e+00,1.1e+01,1.1e-03,2.988e+03,1.283e-04,0e+00,1.283e-04,0e+00,4.083e-02
644,"GH","2014-10-06",1.51e-02,1.07e+01,1.08e-03,4.06e+03,1.743e-04,4.872e-05,1.256e-04,1.223e-02,2.872e-02
645,"GH","2014-10-07",1.46e-03,8.19e+00,9.06e-04,2.212e+04,9.497e-04,4.94e-06,9.448e-04,3.845e-04,2.928e-02
646,"GH","2014-10-08",4.43e-03,1.06e+01,1.04e-03,2.102e+04,9.024e-04,4.185e-05,8.605e-04,3.488e-03,2.666e-02
647,"GH","2014-10-09",5.1e-03,1.14e+01,1.07e-03,3.274e+04,1.406e-03,7.234e-05,1.333e-03,3.994e-03,2.399e-02
648,"GH","2014-10-10",1.88e-03,1.13e+01,1.05e-03,4.881e+04,2.096e-03,1.827e-05,2.078e-03,7.854e-04,2.529e-02
649,"GH","2014-10-11",2.98e-03,9.78e+00,9.47e-04,3.993e+04,1.715e-03,3.962e-05,1.675e-03,1.888e-03,2.507e-02
650,"GH","2014-10-12",0e+00,8.74e+00,8.76e-04,4.042e+04,1.735e-03,0e+00,1.735e-03,0e+00,2.681e-02
651,"GH","2014-10-13",1.47e-03,1.01e+01,9.38e-04,3.027e+04,1.3e-03,0e+00,1.3e-03,0e+00,2.811e-02
652,"GH","2014-10-14",4.53e-03,1.06e+01,9.59e-04,2.524e+04,1.084e-03,3.724e-05,1.046e-03,3.228e-03,2.593e-02
653,"GH","2014-10-15",1.32e-02,1.15e+01,1e-03,4.673e+04,2.006e-03,5.011e-04,1.505e-03,1.177e-02,1.566e-02
654,"GH","2014-10-16",5.09e-03,1.28e+01,1.07e-03,2.03e+05,8.716e-03,3.847e-04,8.331e-03,3.723e-03,2.027e-02
655,"GH","2014-10-17",9.24e-03,1.47e+01,1.19e-03,1.025e+05,4.399e-03,5.34e-04,3.865e-03,7.647e-03,1.649e-02
656,"GH","2014-10-18",4.19e-03,1.64e+01,1.3e-03,1.744e+05,7.486e-03,2.267e-04,7.26e-03,2.8e-03,2.095e-02
657,"GH","2014-10-19",1.64e-03,1.45e+01,1.14e-03,8.074e+04,3.467e-03,1.415e-05,3.453e-03,3.291e-04,2.407e-02
658,"GH","2014-10-20",1.37e-03,1.21e+01,9.65e-04,4.79e+04,2.057e-03,5.377e-06,2.051e-03,2.312e-04,2.589e-02
659,"GH","2014-10-21",5.6e-03,1.02e+01,8.49e-04,3.747e+04,1.609e-03,9.435e-05,1.515e-03,4.55e-03,2.286e-02
660,"GH","2014-10-22",0e+00,1.02e+01,8.34e-04,5.85e+04,2.512e-03,0e+00,2.512e-03,0e+00,2.537e-02
661,"GH","2014-10-23",1.05e-03,1.31e+01,9.87e-04,3.849e+04,1.653e-03,0e+00,1.653e-03,0e+00,2.702e-02
662,"GH","2014-10-24",1.6e-03,1.22e+01,9.19e-04,2.923e+04,1.255e-03,1.008e-07,1.255e-03,7.844e-06,2.827e-02
663,"GH","2014-10-25",1.67e-04,1.15e+01,8.68e-04,2.374e+04,1.019e-03,0e+00,1.019e-03,0e+00,2.929e-02
664,"GH","2014-10-26",0e+00,1.34e+01,9.62e-04,2.003e+04,8.601e-04,0e+00,8.601e-04,0e+00,3.015e-02
665,"GH","2014-10-27",0e+00,1.51e+01,1.08e-03,1.736e+04,7.452e-04,0e+00,7.452e-04,0e+00,3.089e-02
666,"GH","2014-10-28",7.38e-03,1.5e+01,1.06e-03,1.615e+04,6.936e-04,3.543e-05,6.582e-04,3.804e-03,2.775e-02
667,"GH","2014-10-29",3.34e-03,8.85e+00,7.15e-04,2.657e+04,1.141e-03,2.897e-05,1.112e-03,2.255e-03,2.66e-02
668,"GH","2014-10-30",1.02e-03,1.43e+01,9.92e-04,3.142e+04,1.349e-03,3.912e-06,1.345e-03,3.044e-04,2.764e-02
669,"GH","2014-10-31",4.45e-04,1.7e+01,1.15e-03,2.634e+04,1.131e-03,0e+00,1.131e-03,0e+00,2.877e-02
670,"GH","2014-11-01",6.12e-03,1.32e+01,9.01e-04,2.312e+04,9.927e-04,5.605e-05,9.367e-04,4.376e-03,2.533e-02
671,"GH","2014-11-02",5.64e-03,1.13e+01,7.89e-04,4.112e+04,1.765e-03,1.036e-04,1.662e-03,4.636e-03,2.236e-02
672,"GH","2014-11-03",4.03e-03,8.23e+00,6.43e-04,6.605e+04,2.836e-03,1.075e-04,2.728e-03,3.14e-03,2.195e-02
673,"GH","2014-11-04",1.2e-03,6.12e+00,5.56e-04,6.835e+04,2.935e-03,1.28e-05,2.922e-03,5.506e-04,2.432e-02
674,"GH","2014-11-05",0e+00,6.62e+00,5.66e-04,4.584e+04,1.968e-03,0e+00,1.968e-03,0e+00,2.629e-02
675,"GH","2014-11-06",1.81e-03,7.69e+00,5.97e-04,3.323e+04,1.427e-03,8.888e-06,1.418e-03,6.917e-04,2.701e-02
676,"GH","2014-11-07",1.85e-02,9.94e+00,6.77e-04,5.373e+04,2.307e-03,1.051e-03,1.256e-03,1.684e-02,1.143e-02
677,"GH","2014-11-08",6.78e-03,8.79e+00,6.22e-04,4.196e+05,1.802e-02,1.144e-03,1.687e-02,4.962e-03,2.334e-02
678,"GH","2014-11-09",5.85e-04,7.42e+00,5.64e-04,5.397e+04,2.317e-03,0e+00,2.317e-03,0e+00,2.566e-02
679,"GH","2014-11-10",5.93e-03,8.48e+00,5.94e-04,3.944e+04,1.693e-03,1.183e-04,1.575e-03,5.213e-03,2.202e-02
680,"GH","2014-11-11",8.45e-03,1.02e+01,6.54e-04,7.644e+04,3.282e-03,3.944e-04,2.888e-03,7.488e-03,1.742e-02
681,"GH","2014-11-12",1.8e-03,9.89e+00,6.32e-04,1.466e+05,6.295e-03,7.785e-05,6.217e-03,1.077e-03,2.256e-02
682,"GH","2014-11-13",4.34e-03,1.01e+01,6.31e-04,6.433e+04,2.762e-03,1.228e-04,2.639e-03,3.594e-03,2.16e-02
683,"GH","2014-11-14",7.67e-03,1.07e+01,6.47e-04,8.034e+04,3.45e-03,3.55e-04,3.095e-03,6.701e-03,1.8e-02
684,"GH","2014-11-15",0e+00,8.12e+00,5.45e-04,1.315e+05,5.645e-03,0e+00,5.645e-03,0e+00,2.364e-02
685,"GH","2014-11-16",2.03e-04,7.91e+00,5.32e-04,5.131e+04,2.203e-03,0e+00,2.203e-03,0e+00,2.585e-02
686,"GH","2014-11-17",5.89e-03,8.52e+00,5.45e-04,3.762e+04,1.615e-03,8.924e-05,1.526e-03,4.307e-03,2.306e-02
687,"GH","2014-11-18",0e+00,8.46e+00,5.37e-04,5.65e+04,2.426e-03,0e+00,2.426e-03,0e+00,2.549e-02
688,"GH","2014-11-19",0e+00,8.57e+00,5.34e-04,3.771e+04,1.619e-03,0e+00,1.619e-03,0e+00,2.711e-02
689,"GH","2014-11-20",0e+00,7.72e+00,5.01e-04,2.879e+04,1.236e-03,0e+00,1.236e-03,0e+00,2.835e-02
690,"GH","2014-11-21",1.06e-02,6.89e+00,4.7e-04,2.737e+04,1.175e-03,1.691e-04,1.006e-03,8.359e-03,2.099e-02
691,"GH","2014-11-22",2.2e-03,1.07e+01,5.89e-04,8.147e+04,3.498e-03,7.155e-05,3.426e-03,1.664e-03,2.276e-02
692,"GH","2014-11-23",4.54e-03,6.89e+00,4.6e-04,6.248e+04,2.683e-03,1.285e-04,2.554e-03,3.827e-03,2.148e-02
693,"GH","2014-11-24",0e+00,4.99e+00,4.04e-04,7.354e+04,3.158e-03,0e+00,3.158e-03,0e+00,2.464e-02
694,"GH","2014-11-25",4.05e-03,2.75e+00,3.48e-04,4.514e+04,1.938e-03,7.278e-05,1.866e-03,3.13e-03,2.338e-02
695,"GH","2014-11-26",4.57e-03,6.49e+00,4.35e-04,5.659e+04,2.43e-03,1.268e-04,2.303e-03,4.098e-03,2.158e-02
696,"GH","2014-11-27",0e+00,6.43e+00,4.29e-04,7.235e+04,3.106e-03,0e+00,3.106e-03,0e+00,2.469e-02
697,"GH","2014-11-28",2e-04,9.03e+00,4.99e-04,4.311e+04,1.851e-03,0e+00,1.851e-03,0e+00,2.654e-02
698,"GH","2014-11-29",6.58e-04,9.05e+00,4.95e-04,3.167e+04,1.36e-03,0e+00,1.36e-03,0e+00,2.79e-02
699,"GH","2014-11-30",0e+00,9.24e+00,4.96e-04,2.525e+04,1.084e-03,0e+00,1.084e-03,0e+00,2.898e-02
700,"GH","2014-12-01",1.09e-03,7.47e+00,4.41e-04,2.107e+04,9.048e-04,0e+00,9.048e-04,0e+00,2.989e-02
701,"GH","2014-12-02",1.03e-03,5.92e+00,3.97e-04,1.816e+04,7.797e-04,1.532e-06,7.781e-04,2.195e-04,3.045e-02
702,"GH","2014-12-03",0e+00,3.26e+00,3.34e-04,1.651e+04,7.09e-04,0e+00,7.09e-04,0e+00,3.115e-02
703,"GH","2014-12-04",0e+00,3.26e+00,3.32e-04,1.467e+04,6.3e-04,0e+00,6.3e-04,0e+00,3.178e-02
704,"GH","2014-12-05",1.17e-03,4.51e+00,3.56e-04,1.323e+04,5.68e-04,8.227e-07,5.672e-04,1.179e-04,3.223e-02
705,"GH","2014-12-06",4.24e-04,4.97e+00,3.64e-04,1.227e+04,5.267e-04,4.727e-07,5.262e-04,6.773e-05,3.269e-02
706,"GH","2014-12-07",3.3e-03,6.45e+00,3.96e-04,1.183e+04,5.078e-04,2.026e-05,4.875e-04,2.916e-03,3.026e-02
707,"GH","2014-12-08",2.5e-04,3.96e+00,3.38e-04,1.702e+04,7.307e-04,0e+00,7.307e-04,0e+00,3.099e-02
708,"GH","2014-12-09",5.32e-03,6.3e+00,3.88e-04,1.617e+04,6.945e-04,4.752e-05,6.469e-04,4.797e-03,2.684e-02
709,"GH","2014-12-10",3.13e-04,5.52e+00,3.68e-04,3.009e+04,1.292e-03,0e+00,1.292e-03,0e+00,2.814e-02
710,"GH","2014-12-11",8.5e-03,4.89e+00,3.52e-04,2.79e+04,1.198e-03,1.561e-04,1.042e-03,7.904e-03,2.127e-02
711,"GH","2014-12-12",1.81e-02,4.19e+00,3.36e-04,1.318e+05,5.661e-03,2.392e-03,3.269e-03,1.536e-02,9.187e-03
712,"GH","2014-12-13",0e+00,3.63e+00,3.23e-04,5.708e+05,2.451e-02,0e+00,2.451e-02,0e+00,3.37e-02
713,"GH","2014-12-14",4.84e-03,6.66e+00,3.89e-04,1.02e+04,4.378e-04,2.542e-05,4.123e-04,4.156e-03,2.995e-02
714,"GH","2014-12-15",0e+00,4.89e+00,3.47e-04,1.792e+04,7.695e-04,0e+00,7.695e-04,0e+00,3.072e-02
715,"GH","2014-12-16",1.03e-02,5.38e+00,3.58e-04,1.903e+04,8.17e-04,1.402e-04,6.769e-04,9.394e-03,2.201e-02
716,"GH","2014-12-17",8.4e-03,1.02e+01,4.81e-04,7.692e+04,3.303e-03,4.088e-04,2.894e-03,7.657e-03,1.724e-02
717,"GH","2014-12-18",7.55e-03,1.12e+01,5.1e-04,1.647e+05,7.071e-03,6.698e-04,6.402e-03,6.43e-03,1.721e-02
718,"GH","2014-12-19",2.24e-04,6.58e+00,3.84e-04,1.498e+05,6.432e-03,0e+00,6.432e-03,0e+00,2.365e-02
719,"GH","2014-12-20",0e+00,6.51e+00,3.82e-04,5.128e+04,2.202e-03,0e+00,2.202e-03,0e+00,2.585e-02
720,"GH","2014-12-21",6.31e-04,8.79e+00,4.4e-04,3.553e+04,1.525e-03,0e+00,1.525e-03,0e+00,2.737e-02
721,"GH","2014-12-22",2.38e-03,1.09e+01,5.02e-04,2.801e+04,1.203e-03,1.95e-05,1.183e-03,1.518e-03,2.704e-02
722,"GH","2014-12-23",8.52e-03,1.03e+01,4.85e-04,3.351e+04,1.439e-03,1.88e-04,1.251e-03,7.843e-03,2.045e-02
723,"GH","2014-12-24",6.6e-04,6.57e+00,3.85e-04,8.757e+04,3.76e-03,7.228e-06,3.753e-03,1.68e-04,2.403e-02
724,"GH","2014-12-25",0e+00,4.97e+00,3.49e-04,4.809e+04,2.065e-03,0e+00,2.065e-03,0e+00,2.61e-02
725,"GH","2014-12-26",1.64e-02,3e+00,3.1e-04,5.435e+04,2.334e-03,8.701e-04,1.464e-03,1.48e-02,1.276e-02
726,"GH","2014-12-27",2.24e-03,2.1e+00,2.94e-04,3.206e+05,1.377e-02,2.499e-04,1.352e-02,1.698e-03,2.458e-02
727,"GH","2014-12-28",0e+00,1.45e+00,2.83e-04,4.391e+04,1.885e-03,0e+00,1.885e-03,0e+00,2.646e-02
728,"GH","2014-12-29",0e+00,1.92e+00,2.93e-04,3.207e+04,1.377e-03,0e+00,1.377e-03,0e+00,2.784e-02
729,"GH","2014-12-30",0e+00,3.2e+00,3.19e-04,2.549e+04,1.095e-03,0e+00,1.095e-03,0e+00,2.893e-02
730,"GH","2014-12-31",8.58e-05,6.2e+00,3.86e-04,2.124e+04,9.121e-04,0e+00,9.121e-04,0e+00,2.985e-02
